CoID,Date,CostCtr,  Ces  ,  Stops  ,   GP Dollars
FDC,1/2/2019,5110,19060.96434,123,"118,000.14"
FDC,1/2/2019,5120,23229.0627,316,"146,590.95"
FDC,1/2/2019,5130,13159.10614,192,"95,017.56"
FDC,1/2/2019,5150,5283.76188,218,"35,193.39"
FDC,1/3/2019,5110,17647.57505,114,"109,250.31"
FDC,1/3/2019,5120,21506.60481,293,"135,721.09"
FDC,1/3/2019,5130,12183.34546,178,"87,971.92"
FDC,1/3/2019,5150,4891.96573,201,"32,583.77"
FDC,1/4/2019,5110,17770.15086,114,"110,009.14"
FDC,1/4/2019,5120,21655.9845,295,"136,663.77"
FDC,1/4/2019,5130,12267.96804,179,"88,582.95"
FDC,1/4/2019,5150,4925.944145,203,"32,810.09"
FDC,1/7/2019,5110,13777.82812,89,"85,293.99"
FDC,1/7/2019,5120,16790.65275,229,"105,960.27"
FDC,1/7/2019,5130,9511.790666,139,"68,681.50"
FDC,1/7/2019,5150,3819.259179,157,"25,438.83"
FDC,1/8/2019,5110,15354.69,99,"95,055.82"
FDC,1/8/2019,5120,18712.3301,255,"118,087.34"
FDC,1/8/2019,5130,10600.40782,155,"76,542.05"
FDC,1/8/2019,5150,4256.370468,175,"28,350.28"
FDC,1/9/2019,5110,14070.54137,91,"87,106.08"
FDC,1/9/2019,5120,17147.37418,234,"108,211.42"
FDC,1/9/2019,5130,9713.870929,142,"70,140.66"
FDC,1/9/2019,5150,3900.400252,161,"25,979.28"
FDC,1/10/2019,5110,16773.25286,108,"103,837.67"
FDC,1/10/2019,5120,20441.09287,278,"128,996.99"
FDC,1/10/2019,5130,11579.74018,169,"83,613.48"
FDC,1/10/2019,5150,4649.600747,191,"30,969.46"
FDC,1/11/2019,5110,17273.15481,111,"106,932.40"
FDC,1/11/2019,5120,21050.30936,287,"132,841.56"
FDC,1/11/2019,5130,11924.85718,174,"86,105.46"
FDC,1/11/2019,5150,4788.175209,197,"31,892.45"
FDC,1/14/2019,5110,13471.97254,87,"83,400.54"
FDC,1/14/2019,5120,16417.91513,224,"103,608.04"
FDC,1/14/2019,5130,9300.637336,136,"67,156.83"
FDC,1/14/2019,5150,3734.475007,154,"24,874.11"
FDC,1/15/2019,5110,15970.83906,103,"98,870.19"
FDC,1/15/2019,5120,19463.21368,265,"122,825.92"
FDC,1/15/2019,5130,11025.77827,161,"79,613.51"
FDC,1/15/2019,5150,4427.169008,182,"29,487.91"
FDC,1/16/2019,5110,15541.49349,100,"96,212.26"
FDC,1/16/2019,5120,18939.98227,258,"119,523.98"
FDC,1/16/2019,5130,10729.37123,157,"77,473.25"
FDC,1/16/2019,5150,4308.153008,177,"28,695.19"
FDC,1/17/2019,5110,16928.68868,109,"104,799.93"
FDC,1/17/2019,5120,20630.51815,281,"130,192.39"
FDC,1/17/2019,5130,11687.04832,171,"84,388.32"
FDC,1/17/2019,5150,4692.688069,193,"31,256.45"
FDC,1/18/2019,5110,17872.82493,115,"110,644.76"
FDC,1/18/2019,5120,21781.11052,297,"137,453.40"
FDC,1/18/2019,5130,12338.85108,180,"89,094.77"
FDC,1/18/2019,5150,4954.405736,204,"32,999.66"
FDC,1/22/2019,5110,18095.59745,116,"112,023.87"
FDC,1/22/2019,5120,22052.59714,300,"139,166.66"
FDC,1/22/2019,5130,12492.6464,182,"90,205.28"
FDC,1/22/2019,5150,5016.15901,207,"33,410.98"
FDC,1/23/2019,5110,20563.07906,132,"127,299.24"
FDC,1/23/2019,5120,25059.64778,341,"158,143.17"
FDC,1/23/2019,5130,14196.12015,207,"102,505.50"
FDC,1/23/2019,5150,5700.153011,235,"37,966.84"
FDC,1/24/2019,5110,19413.76366,125,"120,184.20"
FDC,1/24/2019,5120,23659.00934,322,"149,304.20"
FDC,1/24/2019,5130,13402.66799,196,"96,776.24"
FDC,1/24/2019,5150,5381.55901,222,"35,844.79"
FDC,1/25/2019,5110,20354.05556,131,"126,005.24"
FDC,1/25/2019,5120,24804.91671,338,"156,535.64"
FDC,1/25/2019,5130,14051.81673,205,"101,463.53"
FDC,1/25/2019,5150,5642.211011,232,"37,580.91"
FDC,1/28/2019,5110,18868.18125,121,"116,806.68"
FDC,1/28/2019,5120,22994.12335,313,"145,108.32"
FDC,1/28/2019,5130,13026.0146,190,"94,056.55"
FDC,1/28/2019,5150,5230.321775,215,"34,837.45"
FDC,1/29/2019,5110,20007.1222,129,"123,857.49"
FDC,1/29/2019,5120,24382.11875,332,"153,867.51"
FDC,1/29/2019,5130,13812.30456,202,"99,734.09"
FDC,1/29/2019,5150,5546.039945,228,"36,940.34"
FDC,1/30/2019,5110,18025.94001,116,"111,592.65"
FDC,1/30/2019,5120,21967.70757,299,"138,630.95"
FDC,1/30/2019,5130,12444.55704,182,"89,858.04"
FDC,1/30/2019,5150,4996.849738,206,"33,282.37"
FDC,1/31/2019,5110,22150.35634,143,"137,125.55"
FDC,1/31/2019,5120,26994.01808,368,"170,350.34"
FDC,1/31/2019,5130,15291.92778,223,"110,417.96"
FDC,1/31/2019,5150,6140.151481,253,"40,897.52"
FDC,2/1/2019,5110,22931.62872,148,"141,962.15"
FDC,2/1/2019,5120,27946.13283,381,"176,358.82"
FDC,2/1/2019,5130,15831.29431,231,"114,312.55"
FDC,2/1/2019,5150,6356.72275,262,"42,340.03"
FDC,2/4/2019,5110,17143.71089,110,"106,131.06"
FDC,2/4/2019,5120,20892.55969,285,"131,846.05"
FDC,2/4/2019,5130,11835.49307,173,"85,460.19"
FDC,2/4/2019,5150,4752.292931,196,"31,653.45"
FDC,2/5/2019,5110,17589.30018,113,"108,889.55"
FDC,2/5/2019,5120,21435.58686,292,"135,272.91"
FDC,2/5/2019,5130,12143.11427,177,"87,681.42"
FDC,2/5/2019,5150,4875.811743,201,"32,476.17"
FDC,2/6/2019,5110,17109.98135,110,"105,922.25"
FDC,2/6/2019,5120,20851.45444,284,"131,586.65"
FDC,2/6/2019,5130,11812.20723,172,"85,292.05"
FDC,2/6/2019,5150,4742.942991,195,"31,591.18"
FDC,2/7/2019,5110,19666.67845,127,"121,749.92"
FDC,2/7/2019,5120,23967.2295,327,"151,249.28"
FDC,2/7/2019,5130,13577.27262,198,"98,037.01"
FDC,2/7/2019,5150,5451.667818,225,"36,311.76"
FDC,2/8/2019,5110,20978.87619,135,"129,873.30"
FDC,2/8/2019,5120,25566.36809,348,"161,340.91"
FDC,2/8/2019,5130,14483.17376,211,"104,578.22"
FDC,2/8/2019,5150,5815.413341,240,"38,734.55"
FDC,2/11/2019,5110,16583.49217,107,"102,662.93"
FDC,2/11/2019,5120,20209.83684,275,"127,537.61"
FDC,2/11/2019,5130,11448.73522,167,"82,667.54"
FDC,2/11/2019,5150,4596.998462,189,"30,619.09"
FDC,2/12/2019,5110,18619.13744,120,"115,264.94"
FDC,2/12/2019,5120,22690.62065,309,"143,193.02"
FDC,2/12/2019,5130,12854.08238,188,"92,815.09"
FDC,2/12/2019,5150,5161.286013,213,"34,377.62"
FDC,2/13/2019,5110,18412.54152,119,"113,985.97"
FDC,2/13/2019,5120,22438.84799,306,"141,604.16"
FDC,2/13/2019,5130,12711.45488,186,"91,785.22"
FDC,2/13/2019,5150,5104.016945,210,"33,996.17"
FDC,2/14/2019,5110,18232.05276,117,"112,868.62"
FDC,2/14/2019,5120,22218.8914,303,"140,216.09"
FDC,2/14/2019,5130,12586.85097,184,"90,885.50"
FDC,2/14/2019,5150,5053.984868,208,"33,662.93"
FDC,2/15/2019,5110,19933.6843,128,"123,402.86"
FDC,2/15/2019,5120,24292.62204,331,"153,302.72"
FDC,2/15/2019,5130,13761.60528,201,"99,368.01"
FDC,2/15/2019,5150,5525.682718,228,"36,804.75"
FDC,2/18/2019,5110,17419.16982,112,"107,836.33"
FDC,2/18/2019,5120,21228.25376,289,"133,964.50"
FDC,2/18/2019,5130,12025.66148,176,"86,833.33"
FDC,2/18/2019,5150,4828.65105,199,"32,162.05"
FDC,2/19/2019,5110,20938.355,135,"129,622.45"
FDC,2/19/2019,5120,25516.98605,348,"161,029.28"
FDC,2/19/2019,5130,14455.19917,211,"104,376.22"
FDC,2/19/2019,5150,5804.180733,239,"38,659.73"
FDC,2/20/2019,5110,17565.21071,113,"108,740.42"
FDC,2/20/2019,5120,21406.22969,292,"135,087.65"
FDC,2/20/2019,5130,12126.48363,177,"87,561.34"
FDC,2/20/2019,5150,4869.134063,201,"32,431.70"
FDC,2/21/2019,5110,19961.46328,129,"123,574.83"
FDC,2/21/2019,5120,24326.4755,331,"153,516.36"
FDC,2/21/2019,5130,13780.78304,201,"99,506.49"
FDC,2/21/2019,5150,5533.383142,228,"36,856.04"
FDC,2/22/2019,5110,21496.88814,138,"133,080.14"
FDC,2/22/2019,5120,26197.65472,357,"165,324.75"
FDC,2/22/2019,5130,14840.79335,217,"107,160.47"
FDC,2/22/2019,5150,5959.007953,245,"39,690.99"
FDC,2/25/2019,5110,18624.74343,120,"115,299.64"
FDC,2/25/2019,5120,22697.45251,309,"143,236.13"
FDC,2/25/2019,5130,12857.95259,188,"92,843.03"
FDC,2/25/2019,5150,5162.840012,213,"34,387.97"
FDC,2/26/2019,5110,20751.85815,134,"128,467.91"
FDC,2/26/2019,5120,25289.70756,345,"159,595.00"
FDC,2/26/2019,5130,14326.44745,209,"103,446.55"
FDC,2/26/2019,5150,5752.483193,237,"38,315.39"
FDC,2/27/2019,5110,19368.38149,125,"119,903.26"
FDC,2/27/2019,5120,23603.70336,322,"148,955.18"
FDC,2/27/2019,5130,13371.33753,195,"96,550.02"
FDC,2/27/2019,5150,5368.978923,221,"35,761.00"
FDC,2/28/2019,5110,20551.72007,132,"127,228.92"
FDC,2/28/2019,5120,25045.8049,341,"158,055.81"
FDC,2/28/2019,5130,14188.27826,207,"102,448.88"
FDC,2/28/2019,5150,5697.004262,235,"37,945.87"
FDC,3/1/2019,5110,23798.07774,153,"147,326.05"
FDC,3/1/2019,5120,29002.04995,395,"183,022.37"
FDC,3/1/2019,5130,16429.46419,240,"118,631.74"
FDC,3/1/2019,5150,6596.905263,272,"43,939.81"
FDC,3/4/2019,5110,19461.08994,125,"120,477.19"
FDC,3/4/2019,5120,23716.68454,323,"149,668.17"
FDC,3/4/2019,5130,13435.3406,196,"97,012.16"
FDC,3/4/2019,5150,5394.678008,222,"35,932.17"
FDC,3/5/2019,5110,19873.91081,128,"123,032.82"
FDC,3/5/2019,5120,24219.77776,330,"152,843.02"
FDC,3/5/2019,5130,13720.33949,200,"99,070.04"
FDC,3/5/2019,5150,5509.113309,227,"36,694.39"
FDC,3/6/2019,5110,18645.92943,120,"115,430.80"
FDC,3/6/2019,5120,22723.27129,310,"143,399.07"
FDC,3/6/2019,5130,12872.57875,188,"92,948.64"
FDC,3/6/2019,5150,5168.71284,213,"34,427.09"
FDC,3/7/2019,5110,21157.56284,136,"130,979.49"
FDC,3/7/2019,5120,25784.12849,351,"162,715.13"
FDC,3/7/2019,5130,14606.53355,213,"105,468.96"
FDC,3/7/2019,5150,5864.945866,242,"39,064.47"
FDC,3/8/2019,5110,22056.03558,142,"136,541.64"
FDC,3/8/2019,5120,26879.07203,366,"169,624.95"
FDC,3/8/2019,5130,15226.81162,222,"109,947.78"
FDC,3/8/2019,5150,6114.005459,252,"40,723.37"
FDC,3/11/2019,5110,19113.56748,123,"118,325.79"
FDC,3/11/2019,5120,23293.16867,317,"146,995.50"
FDC,3/11/2019,5130,13195.42174,193,"95,279.79"
FDC,3/11/2019,5150,5298.343643,218,"35,290.52"
FDC,3/12/2019,5110,22204.73613,143,"137,462.19"
FDC,3/12/2019,5120,27060.28922,369,"170,768.56"
FDC,3/12/2019,5130,15329.46993,224,"110,689.04"
FDC,3/12/2019,5150,6155.22574,254,"40,997.93"
FDC,3/13/2019,5110,19246.1184,124,"119,146.37"
FDC,3/13/2019,5120,23454.70476,320,"148,014.90"
FDC,3/13/2019,5130,13286.93084,194,"95,940.54"
FDC,3/13/2019,5150,5335.087194,220,"35,535.26"
FDC,3/14/2019,5110,23293.52986,150,"144,202.56"
FDC,3/14/2019,5120,28387.1716,387,"179,142.07"
FDC,3/14/2019,5130,16081.13978,235,"116,116.60"
FDC,3/14/2019,5150,6457.042935,266,"43,008.23"
FDC,3/15/2019,5110,24132.67388,155,"149,397.42"
FDC,3/15/2019,5120,29409.81288,401,"185,595.62"
FDC,3/15/2019,5130,16660.45912,243,"120,299.68"
FDC,3/15/2019,5150,6689.656411,276,"44,557.59"
FDC,3/18/2019,5110,18997.95387,122,"117,610.06"
FDC,3/18/2019,5120,23152.27361,315,"146,106.36"
FDC,3/18/2019,5130,13115.60565,191,"94,703.46"
FDC,3/18/2019,5150,5266.295172,217,"35,077.05"
FDC,3/19/2019,5110,20155.45124,130,"124,775.75"
FDC,3/19/2019,5120,24562.88319,335,"155,008.25"
FDC,3/19/2019,5130,13914.70639,203,"100,473.50"
FDC,3/19/2019,5150,5587.15724,230,"37,214.21"
FDC,3/20/2019,5110,18811.08594,121,"116,453.23"
FDC,3/20/2019,5120,22924.5429,312,"144,669.23"
FDC,3/20/2019,5130,12986.59775,190,"93,771.94"
FDC,3/20/2019,5150,5214.494767,215,"34,732.03"
FDC,3/21/2019,5110,21174.87824,136,"131,086.68"
FDC,3/21/2019,5120,25805.23028,352,"162,848.29"
FDC,3/21/2019,5130,14618.48757,213,"105,555.27"
FDC,3/21/2019,5150,5869.745751,242,"39,096.44"
FDC,3/22/2019,5110,22088.81894,142,"136,744.59"
FDC,3/22/2019,5120,26919.02419,367,"169,877.08"
FDC,3/22/2019,5130,15249.44425,223,"110,111.20"
FDC,3/22/2019,5150,6123.093113,252,"40,783.90"
FDC,3/25/2019,5110,18442.41841,119,"114,170.93"
FDC,3/25/2019,5120,22475.25812,306,"141,833.94"
FDC,3/25/2019,5130,12732.08098,186,"91,934.16"
FDC,3/25/2019,5150,5112.298918,211,"34,051.34"
FDC,3/26/2019,5110,20870.2381,134,"129,200.76"
FDC,3/26/2019,5120,25433.97389,347,"160,505.42"
FDC,3/26/2019,5130,14408.17335,210,"104,036.67"
FDC,3/26/2019,5150,5785.298504,238,"38,533.96"
FDC,3/27/2019,5110,19049.84988,123,"117,931.33"
FDC,3/27/2019,5120,23215.51781,316,"146,505.47"
FDC,3/27/2019,5130,13151.43306,192,"94,962.16"
FDC,3/27/2019,5150,5280.680914,217,"35,172.87"
FDC,3/28/2019,5110,21710.19473,140,"134,400.65"
FDC,3/28/2019,5120,26457.60548,360,"166,965.22"
FDC,3/28/2019,5130,14988.05369,219,"108,223.79"
FDC,3/28/2019,5150,6018.137239,248,"40,084.83"
FDC,3/29/2019,5110,22199.46605,143,"137,429.57"
FDC,3/29/2019,5120,27053.86672,369,"170,728.03"
FDC,3/29/2019,5130,15325.83163,224,"110,662.77"
FDC,3/29/2019,5150,6153.764856,253,"40,988.20"
FDC,4/1/2019,5110,17781.89289,114,"110,081.83"
FDC,4/1/2019,5120,21670.29419,295,"136,754.08"
FDC,4/1/2019,5130,12276.07438,179,"88,641.48"
FDC,4/1/2019,5150,4929.199074,203,"32,831.77"
FDC,4/2/2019,5110,18787.11823,121,"116,304.85"
FDC,4/2/2019,5120,22895.33412,312,"144,484.90"
FDC,4/2/2019,5130,12970.05117,189,"93,652.46"
FDC,4/2/2019,5150,5207.850838,214,"34,687.78"
FDC,4/3/2019,5110,19296.52588,124,"119,458.42"
FDC,4/3/2019,5120,23516.13494,320,"148,402.57"
FDC,4/3/2019,5130,13321.73062,194,"96,191.82"
FDC,4/3/2019,5150,5349.060312,220,"35,628.33"
FDC,4/4/2019,5110,21741.76113,140,"134,596.07"
FDC,4/4/2019,5120,26496.07457,361,"167,207.98"
FDC,4/4/2019,5130,15009.84616,219,"108,381.15"
FDC,4/4/2019,5150,6026.887549,248,"40,143.11"
FDC,4/5/2019,5110,22808.94015,147,"141,202.62"
FDC,4/5/2019,5120,27796.61571,379,"175,415.27"
FDC,4/5/2019,5130,15746.59388,230,"113,700.96"
FDC,4/5/2019,5150,6322.713077,260,"42,113.51"
FDC,4/8/2019,5110,19523.18971,126,"120,861.62"
FDC,4/8/2019,5120,23792.36379,324,"150,145.76"
FDC,4/8/2019,5130,13478.21239,197,"97,321.72"
FDC,4/8/2019,5150,5411.892269,223,"36,046.83"
FDC,4/9/2019,5110,21115.86845,136,"130,721.37"
FDC,4/9/2019,5120,25733.31671,351,"162,394.47"
FDC,4/9/2019,5130,14577.74902,213,"105,261.12"
FDC,4/9/2019,5150,5853.388045,241,"38,987.49"
FDC,4/10/2019,5110,18966.73207,122,"117,416.78"
FDC,4/10/2019,5120,23114.22447,315,"145,866.24"
FDC,4/10/2019,5130,13094.05107,191,"94,547.82"
FDC,4/10/2019,5150,5257.640385,217,"35,019.41"
FDC,4/11/2019,5110,19582.18946,126,"121,226.87"
FDC,4/11/2019,5120,23864.26513,325,"150,599.50"
FDC,4/11/2019,5130,13518.944,197,"97,615.83"
FDC,4/11/2019,5150,5428.247192,224,"36,155.76"
FDC,4/12/2019,5110,22158.94344,143,"137,178.71"
FDC,4/12/2019,5120,27004.48295,368,"170,416.38"
FDC,4/12/2019,5130,15297.85606,223,"110,460.77"
FDC,4/12/2019,5150,6142.531855,253,"40,913.38"
FDC,4/15/2019,5110,17913.47822,115,"110,896.43"
FDC,4/15/2019,5120,21830.65355,297,"137,766.05"
FDC,4/15/2019,5130,12366.91687,180,"89,297.43"
FDC,4/15/2019,5150,4965.674962,205,"33,074.72"
FDC,4/16/2019,5110,19470.44986,125,"120,535.13"
FDC,4/16/2019,5120,23728.09122,323,"149,740.15"
FDC,4/16/2019,5130,13441.80241,196,"97,058.82"
FDC,4/16/2019,5150,5397.27261,222,"35,949.45"
FDC,4/17/2019,5110,18835.81642,121,"116,606.32"
FDC,4/17/2019,5120,22954.68124,313,"144,859.42"
FDC,4/17/2019,5130,13003.67091,190,"93,895.22"
FDC,4/17/2019,5150,5221.350136,215,"34,777.69"
FDC,4/18/2019,5110,22625.0768,146,"140,064.38"
FDC,4/18/2019,5120,27572.54661,376,"174,001.24"
FDC,4/18/2019,5130,15619.66026,228,"112,784.41"
FDC,4/18/2019,5150,6271.745553,258,"41,774.03"
FDC,4/19/2019,5110,23415.0779,151,"144,955.02"
FDC,4/19/2019,5120,28535.29878,389,"180,076.85"
FDC,4/19/2019,5130,16165.05282,236,"116,722.51"
FDC,4/19/2019,5150,6490.736449,267,"43,232.65"
FDC,4/22/2019,5110,17996.9505,116,"111,413.18"
FDC,4/22/2019,5120,21932.37887,299,"138,408.01"
FDC,4/22/2019,5130,12424.54357,181,"89,713.53"
FDC,4/22/2019,5150,4988.81375,205,"33,228.84"
FDC,4/23/2019,5110,20505.96842,132,"126,945.68"
FDC,4/23/2019,5120,24990.04865,340,"157,703.95"
FDC,4/23/2019,5130,14156.69271,207,"102,220.81"
FDC,4/23/2019,5150,5684.321753,234,"37,861.39"
FDC,4/24/2019,5110,19000.82848,122,"117,627.86"
FDC,4/24/2019,5120,23155.77681,315,"146,128.47"
FDC,4/24/2019,5130,13117.59019,191,"94,717.79"
FDC,4/24/2019,5150,5267.092022,217,"35,082.36"
FDC,4/25/2019,5110,20075.45872,129,"124,280.54"
FDC,4/25/2019,5120,24465.39855,333,"154,393.06"
FDC,4/25/2019,5130,13859.482,202,"100,074.75"
FDC,4/25/2019,5150,5564.983052,229,"37,066.52"
FDC,4/26/2019,5110,21600.16841,139,"133,719.51"
FDC,4/26/2019,5120,26323.51948,359,"166,119.04"
FDC,4/26/2019,5130,14912.09488,218,"107,675.32"
FDC,4/26/2019,5150,5987.637581,247,"39,881.68"
FDC,4/29/2019,5110,20927.57973,135,"129,555.74"
FDC,4/29/2019,5120,25503.85453,347,"160,946.41"
FDC,4/29/2019,5130,14447.76026,211,"104,322.51"
FDC,4/29/2019,5150,5801.193793,239,"38,639.84"
FDC,4/30/2019,5110,22105.50295,142,"136,847.87"
FDC,4/30/2019,5120,26939.35652,367,"170,005.39"
FDC,4/30/2019,5130,15260.96238,223,"110,194.37"
FDC,4/30/2019,5150,6127.717975,252,"40,814.71"
FDC,5/1/2019,5110,21382.40595,138,"132,371.42"
FDC,5/1/2019,5120,26058.13848,355,"164,444.31"
FDC,5/1/2019,5130,14761.75835,215,"106,589.79"
FDC,5/1/2019,5150,5927.273113,244,"39,479.61"
FDC,5/2/2019,5110,24061.13486,155,"148,954.55"
FDC,5/2/2019,5120,29322.63028,399,"185,045.44"
FDC,5/2/2019,5130,16611.07077,242,"119,943.06"
FDC,5/2/2019,5150,6669.825559,275,"44,425.51"
FDC,5/3/2019,5110,24217.58493,156,"149,923.08"
FDC,5/3/2019,5120,29513.29159,402,"186,248.64"
FDC,5/3/2019,5130,16719.0791,244,"120,722.95"
FDC,5/3/2019,5150,6713.194032,276,"44,714.37"
FDC,5/6/2019,5110,20094.56838,129,"124,398.84"
FDC,5/6/2019,5120,24488.68696,334,"154,540.02"
FDC,5/6/2019,5130,13872.67473,202,"100,170.01"
FDC,5/6/2019,5150,5570.280313,229,"37,101.80"
FDC,5/7/2019,5110,19124.02369,123,"118,390.52"
FDC,5/7/2019,5120,23305.91136,318,"147,075.92"
FDC,5/7/2019,5130,13202.64039,193,"95,331.91"
FDC,5/7/2019,5150,5301.242139,218,"35,309.82"
FDC,5/8/2019,5110,17694.06629,114,"109,538.13"
FDC,5/8/2019,5120,21563.26238,294,"136,078.63"
FDC,5/8/2019,5130,12215.44159,178,"88,203.67"
FDC,5/8/2019,5150,4904.853255,202,"32,669.61"
FDC,5/9/2019,5110,19648.05022,126,"121,634.60"
FDC,5/9/2019,5120,23944.52779,326,"151,106.01"
FDC,5/9/2019,5130,13564.41226,198,"97,944.14"
FDC,5/9/2019,5150,5446.504012,224,"36,277.37"
FDC,5/10/2019,5110,20167.69016,130,"124,851.51"
FDC,5/10/2019,5120,24577.79842,335,"155,102.38"
FDC,5/10/2019,5130,13923.15577,203,"100,534.51"
FDC,5/10/2019,5150,5590.549911,230,"37,236.81"
FDC,5/13/2019,5110,18747.71421,121,"116,060.91"
FDC,5/13/2019,5120,22847.31355,311,"144,181.86"
FDC,5/13/2019,5130,12942.84784,189,"93,456.03"
FDC,5/13/2019,5150,5196.927915,214,"34,615.02"
FDC,5/14/2019,5110,20133.35266,130,"124,638.94"
FDC,5/14/2019,5120,24535.95226,334,"154,838.30"
FDC,5/14/2019,5130,13899.4502,203,"100,363.34"
FDC,5/14/2019,5150,5581.031441,230,"37,173.41"
FDC,5/15/2019,5110,17464.14663,112,"108,114.77"
FDC,5/15/2019,5120,21283.06573,290,"134,310.40"
FDC,5/15/2019,5130,12056.71209,176,"87,057.54"
FDC,5/15/2019,5150,4841.118768,199,"32,245.09"
FDC,5/16/2019,5110,20139.33528,130,"124,675.98"
FDC,5/16/2019,5120,24543.24312,334,"154,884.31"
FDC,5/16/2019,5130,13903.58042,203,"100,393.17"
FDC,5/16/2019,5150,5582.689843,230,"37,184.45"
FDC,5/17/2019,5110,20406.26063,131,"126,328.43"
FDC,5/17/2019,5120,24868.53756,339,"156,937.13"
FDC,5/17/2019,5130,14087.85751,206,"101,723.77"
FDC,5/17/2019,5150,5656.682427,233,"37,677.29"
FDC,5/20/2019,5110,20102.53919,129,"124,448.19"
FDC,5/20/2019,5120,24498.40076,334,"154,601.32"
FDC,5/20/2019,5130,13878.17753,203,"100,209.74"
FDC,5/20/2019,5150,5572.489847,230,"37,116.52"
FDC,5/21/2019,5110,21950.41841,141,"135,887.80"
FDC,5/21/2019,5120,26750.35934,364,"168,812.69"
FDC,5/21/2019,5130,15153.89676,221,"109,421.29"
FDC,5/21/2019,5150,6084.728032,251,"40,528.37"
FDC,5/22/2019,5110,21565.56919,139,"133,505.32"
FDC,5/22/2019,5120,26281.35439,358,"165,852.95"
FDC,5/22/2019,5130,14888.20864,217,"107,502.84"
FDC,5/22/2019,5150,5978.046564,246,"39,817.80"
FDC,5/23/2019,5110,25494.58862,164,"157,828.58"
FDC,5/23/2019,5120,31069.54018,423,"196,069.62"
FDC,5/23/2019,5130,17600.68335,257,"127,088.73"
FDC,5/23/2019,5150,7067.183646,291,"47,072.18"
FDC,5/24/2019,5110,28414.94138,183,"175,907.53"
FDC,5/24/2019,5120,34628.49219,472,"218,528.99"
FDC,5/24/2019,5130,19616.80548,286,"141,646.48"
FDC,5/24/2019,5150,7876.715017,324,"52,464.20"
FDC,5/28/2019,5110,28372.57981,183,"175,645.28"
FDC,5/28/2019,5120,34576.86734,471,"218,203.20"
FDC,5/28/2019,5130,19587.56035,286,"141,435.31"
FDC,5/28/2019,5150,7864.972253,324,"52,385.98"
FDC,5/29/2019,5110,26285.60903,169,"162,725.53"
FDC,5/29/2019,5120,32033.53457,436,"202,153.07"
FDC,5/29/2019,5130,18146.77962,265,"131,031.91"
FDC,5/29/2019,5150,7286.4571,300,"48,532.69"
FDC,5/30/2019,5110,21645.784,139,"134,001.91"
FDC,5/30/2019,5120,26379.10993,359,"166,469.86"
FDC,5/30/2019,5130,14943.58649,218,"107,902.71"
FDC,5/30/2019,5150,6000.282375,247,"39,965.90"
FDC,5/31/2019,5110,21074.08557,136,"130,462.71"
FDC,5/31/2019,5120,25682.39709,350,"162,073.13"
FDC,5/31/2019,5130,14548.9034,212,"105,052.83"
FDC,5/31/2019,5150,5841.805693,241,"38,910.34"
FDC,6/3/2019,5110,17375.2331,112,"107,564.33"
FDC,6/3/2019,5120,21174.70931,288,"133,626.60"
FDC,6/3/2019,5130,11995.32891,175,"86,614.31"
FDC,6/3/2019,5150,4816.471647,198,"32,080.93"
FDC,6/4/2019,5110,17925.01856,115,"110,967.87"
FDC,6/4/2019,5120,21844.71743,298,"137,854.80"
FDC,6/4/2019,5130,12374.88396,181,"89,354.95"
FDC,6/4/2019,5150,4968.87398,205,"33,096.03"
FDC,6/5/2019,5110,18541.23187,119,"114,782.65"
FDC,6/5/2019,5120,22595.67931,308,"142,593.88"
FDC,6/5/2019,5130,12800.29876,187,"92,426.73"
FDC,6/5/2019,5150,5139.690332,212,"34,233.78"
FDC,6/6/2019,5110,19409.91147,125,"120,160.36"
FDC,6/6/2019,5120,23654.31478,322,"149,274.57"
FDC,6/6/2019,5130,13400.00856,196,"96,757.04"
FDC,6/6/2019,5150,5380.49117,222,"35,837.68"
FDC,6/7/2019,5110,20698.8426,133,"128,139.70"
FDC,6/7/2019,5120,25225.099,344,"159,187.28"
FDC,6/7/2019,5130,14289.84714,209,"103,182.27"
FDC,6/7/2019,5150,5737.78711,236,"38,217.51"
FDC,6/10/2019,5110,17834.62892,115,"110,408.30"
FDC,6/10/2019,5120,21734.56211,296,"137,159.65"
FDC,6/10/2019,5130,12312.48172,180,"88,904.37"
FDC,6/10/2019,5150,4943.817675,204,"32,929.14"
FDC,6/11/2019,5110,19265.25747,124,"119,264.85"
FDC,6/11/2019,5120,23478.02901,320,"148,162.09"
FDC,6/11/2019,5130,13300.14387,194,"96,035.95"
FDC,6/11/2019,5150,5340.392607,220,"35,570.59"
FDC,6/12/2019,5110,18188.05758,117,"112,596.26"
FDC,6/12/2019,5120,22165.2757,302,"139,877.74"
FDC,6/12/2019,5130,12556.47804,183,"90,666.18"
FDC,6/12/2019,5150,5041.789259,208,"33,581.69"
FDC,6/13/2019,5110,19324.88441,124,"119,633.98"
FDC,6/13/2019,5120,23550.69469,321,"148,620.66"
FDC,6/13/2019,5130,13341.30848,195,"96,333.19"
FDC,6/13/2019,5150,5356.92139,221,"35,680.69"
FDC,6/14/2019,5110,20055.49423,129,"124,156.95"
FDC,6/14/2019,5120,24441.06838,333,"154,239.52"
FDC,6/14/2019,5130,13845.69912,202,"99,975.22"
FDC,6/14/2019,5150,5559.448828,229,"37,029.65"
FDC,6/17/2019,5110,17615.06155,113,"109,049.03"
FDC,6/17/2019,5120,21466.98152,292,"135,471.04"
FDC,6/17/2019,5130,12160.89913,177,"87,809.84"
FDC,6/17/2019,5150,4882.95288,201,"32,523.74"
FDC,6/18/2019,5110,20155.11948,130,"124,773.69"
FDC,6/18/2019,5120,24562.47888,335,"155,005.70"
FDC,6/18/2019,5130,13914.47735,203,"100,471.85"
FDC,6/18/2019,5150,5587.065275,230,"37,213.60"
FDC,6/19/2019,5110,18566.79199,120,"114,940.88"
FDC,6/19/2019,5120,22626.82872,308,"142,790.45"
FDC,6/19/2019,5130,12817.94469,187,"92,554.15"
FDC,6/19/2019,5150,5146.775683,212,"34,280.97"
FDC,6/20/2019,5110,20793.81925,134,"128,727.67"
FDC,6/20/2019,5120,25340.84438,345,"159,917.71"
FDC,6/20/2019,5130,14355.41611,210,"103,655.72"
FDC,6/20/2019,5150,5764.114947,237,"38,392.87"
FDC,6/21/2019,5110,21837.51999,141,"135,188.88"
FDC,6/21/2019,5120,26612.77321,363,"167,944.43"
FDC,6/21/2019,5130,15075.95515,220,"108,858.50"
FDC,6/21/2019,5150,6053.43222,249,"40,319.91"
FDC,6/24/2019,5110,22569.85107,145,"139,722.50"
FDC,6/24/2019,5120,27505.24455,375,"173,576.52"
FDC,6/24/2019,5130,15581.5341,227,"112,509.12"
FDC,6/24/2019,5150,6256.436798,258,"41,672.06"
FDC,6/25/2019,5110,22535.93705,145,"139,512.55"
FDC,6/25/2019,5120,27463.91449,374,"173,315.70"
FDC,6/25/2019,5130,15558.1209,227,"112,340.06"
FDC,6/25/2019,5150,6247.035721,257,"41,609.44"
FDC,6/26/2019,5110,21664.43804,139,"134,117.39"
FDC,6/26/2019,5120,26401.84308,360,"166,613.32"
FDC,6/26/2019,5130,14956.46467,218,"107,995.70"
FDC,6/26/2019,5150,6005.453334,247,"40,000.34"
FDC,6/27/2019,5110,24257.95967,156,"150,173.02"
FDC,6/27/2019,5120,29562.49517,403,"186,559.15"
FDC,6/27/2019,5130,16746.95259,244,"120,924.22"
FDC,6/27/2019,5150,6724.386045,277,"44,788.92"
FDC,6/28/2019,5110,27401.47681,176,"169,633.50"
FDC,6/28/2019,5120,33393.41135,455,"210,734.80"
FDC,6/28/2019,5130,18917.14057,276,"136,594.43"
FDC,6/28/2019,5150,7595.779313,313,"50,592.98"
FDC,7/1/2019,5110,27556.22331,177,"170,591.48"
FDC,7/1/2019,5120,33581.99657,458,"211,924.90"
FDC,7/1/2019,5130,19023.97282,278,"137,365.83"
FDC,7/1/2019,5150,7638.675551,315,"50,878.70"
FDC,7/2/2019,5110,26839.80304,173,"166,156.36"
FDC,7/2/2019,5120,32708.91527,446,"206,415.17"
FDC,7/2/2019,5130,18529.3782,270,"133,794.53"
FDC,7/2/2019,5150,7440.081499,306,"49,555.93"
FDC,7/3/2019,5110,27535.45751,177,"170,462.93"
FDC,7/3/2019,5120,33556.68986,457,"211,765.20"
FDC,7/3/2019,5130,19009.63674,277,"137,262.31"
FDC,7/3/2019,5150,7632.919202,314,"50,840.36"
FDC,7/5/2019,5110,21897.54143,141,"135,560.45"
FDC,7/5/2019,5120,26685.91965,364,"168,406.03"
FDC,7/5/2019,5130,15117.39211,221,"109,157.70"
FDC,7/5/2019,5150,6070.070361,250,"40,430.74"
FDC,7/8/2019,5110,18912.8571,122,"117,083.26"
FDC,7/8/2019,5120,23048.56856,314,"145,451.91"
FDC,7/8/2019,5130,13056.85744,191,"94,279.26"
FDC,7/8/2019,5150,5242.706066,216,"34,919.94"
FDC,7/9/2019,5110,17838.33241,115,"110,431.23"
FDC,7/9/2019,5120,21739.07545,296,"137,188.13"
FDC,7/9/2019,5130,12315.03849,180,"88,922.83"
FDC,7/9/2019,5150,4944.844294,204,"32,935.98"
FDC,7/10/2019,5110,17262.90037,111,"106,868.92"
FDC,7/10/2019,5120,21037.81256,287,"132,762.69"
FDC,7/10/2019,5130,11917.77783,174,"86,054.34"
FDC,7/10/2019,5150,4785.332645,197,"31,873.52"
FDC,7/11/2019,5110,19601.06575,126,"121,343.73"
FDC,7/11/2019,5120,23887.26914,325,"150,744.67"
FDC,7/11/2019,5130,13531.97562,197,"97,709.93"
FDC,7/11/2019,5150,5433.479763,224,"36,190.62"
FDC,7/12/2019,5110,19540.836,126,"120,970.87"
FDC,7/12/2019,5120,23813.86884,324,"150,281.47"
FDC,7/12/2019,5130,13490.39485,197,"97,409.69"
FDC,7/12/2019,5150,5416.78388,223,"36,079.41"
FDC,7/15/2019,5110,17063.75429,110,"105,636.07"
FDC,7/15/2019,5120,20795.11882,283,"131,231.13"
FDC,7/15/2019,5130,11780.29348,172,"85,061.61"
FDC,7/15/2019,5150,4730.128698,195,"31,505.83"
FDC,7/16/2019,5110,18423.79785,119,"114,055.65"
FDC,7/16/2019,5120,22452.56577,306,"141,690.73"
FDC,7/16/2019,5130,12719.22591,186,"91,841.33"
FDC,7/16/2019,5150,5107.137238,210,"34,016.96"
FDC,7/17/2019,5110,17378.15254,112,"107,582.41"
FDC,7/17/2019,5120,21178.26715,289,"133,649.06"
FDC,7/17/2019,5130,11997.3444,175,"86,628.86"
FDC,7/17/2019,5150,4817.280925,198,"32,086.32"
FDC,7/18/2019,5110,17973.38774,116,"111,267.31"
FDC,7/18/2019,5120,21903.66359,298,"138,226.79"
FDC,7/18/2019,5130,12408.27656,181,"89,596.07"
FDC,7/18/2019,5150,4982.282076,205,"33,185.34"
FDC,7/19/2019,5110,20062.09897,129,"124,197.83"
FDC,7/19/2019,5120,24449.11739,333,"154,290.31"
FDC,7/19/2019,5130,13850.25884,202,"100,008.15"
FDC,7/19/2019,5150,5561.279684,229,"37,041.85"
FDC,7/22/2019,5110,16994.51383,109,"105,207.43"
FDC,7/22/2019,5120,20710.73741,282,"130,698.63"
FDC,7/22/2019,5130,11732.49198,171,"84,716.45"
FDC,7/22/2019,5150,4710.935015,194,"31,377.98"
FDC,7/23/2019,5110,17390.56465,112,"107,659.25"
FDC,7/23/2019,5120,21193.39345,289,"133,744.51"
FDC,7/23/2019,5130,12005.91335,175,"86,690.74"
FDC,7/23/2019,5150,4820.721604,199,"32,109.24"
FDC,7/24/2019,5110,16330.23783,105,"101,095.11"
FDC,7/24/2019,5120,19901.20288,271,"125,589.92"
FDC,7/24/2019,5130,11273.89617,165,"81,405.08"
FDC,7/24/2019,5150,4526.795527,186,"30,151.49"
FDC,7/25/2019,5110,18507.87844,119,"114,576.17"
FDC,7/25/2019,5120,22555.03242,307,"142,337.37"
FDC,7/25/2019,5130,12777.27257,186,"92,260.47"
FDC,7/25/2019,5150,5130.444651,211,"34,172.20"
FDC,7/26/2019,5110,19592.27433,126,"121,289.30"
FDC,7/26/2019,5120,23876.55528,325,"150,677.06"
FDC,7/26/2019,5130,13525.90629,197,"97,666.11"
FDC,7/26/2019,5150,5431.042752,224,"36,174.38"
FDC,7/29/2019,5110,17705.61205,114,"109,609.60"
FDC,7/29/2019,5120,21577.33288,294,"136,167.43"
FDC,7/29/2019,5130,12223.41243,178,"88,261.23"
FDC,7/29/2019,5150,4908.053777,202,"32,690.93"
FDC,7/30/2019,5110,18244.8272,117,"112,947.70"
FDC,7/30/2019,5120,22234.45925,303,"140,314.33"
FDC,7/30/2019,5130,12595.67005,184,"90,949.18"
FDC,7/30/2019,5150,5057.525986,208,"33,686.51"
FDC,7/31/2019,5110,16625.97209,107,"102,925.91"
FDC,7/31/2019,5120,20261.60592,276,"127,864.31"
FDC,7/31/2019,5130,11478.06205,168,"82,879.30"
FDC,7/31/2019,5150,4608.774034,190,"30,697.52"
FDC,8/1/2019,5110,19252.58784,124,"119,186.42"
FDC,8/1/2019,5120,23462.58889,320,"148,064.66"
FDC,8/1/2019,5130,13291.39714,194,"95,972.79"
FDC,8/1/2019,5150,5336.880543,220,"35,547.20"
FDC,8/2/2019,5110,20475.80476,132,"126,758.95"
FDC,8/2/2019,5120,24953.28905,340,"157,471.97"
FDC,8/2/2019,5130,14135.86865,206,"102,070.44"
FDC,8/2/2019,5150,5675.960289,234,"37,805.70"
FDC,8/5/2019,5110,18872.19468,121,"116,831.53"
FDC,8/5/2019,5120,22999.01441,313,"145,139.19"
FDC,8/5/2019,5130,13028.78535,190,"94,076.56"
FDC,8/5/2019,5150,5231.434311,215,"34,844.86"
FDC,8/6/2019,5110,19629.00905,126,"121,516.72"
FDC,8/6/2019,5120,23921.32285,326,"150,959.57"
FDC,8/6/2019,5130,13551.26682,198,"97,849.23"
FDC,8/6/2019,5150,5441.225737,224,"36,242.21"
FDC,8/7/2019,5110,17903.70144,115,"110,835.91"
FDC,8/7/2019,5120,21818.73886,297,"137,690.86"
FDC,8/7/2019,5130,12360.16727,180,"89,248.69"
FDC,8/7/2019,5150,4962.964805,204,"33,056.67"
FDC,8/8/2019,5110,20505.84387,132,"126,944.91"
FDC,8/8/2019,5120,24989.89687,340,"157,702.99"
FDC,8/8/2019,5130,14156.60673,207,"102,220.19"
FDC,8/8/2019,5150,5684.287229,234,"37,861.16"
FDC,8/9/2019,5110,21058.53087,136,"130,366.42"
FDC,8/9/2019,5120,25663.44101,350,"161,953.51"
FDC,8/9/2019,5130,14538.16491,212,"104,975.29"
FDC,8/9/2019,5150,5837.493878,240,"38,881.62"
FDC,8/12/2019,5110,18206.91228,117,"112,712.99"
FDC,8/12/2019,5120,22188.2534,302,"140,022.75"
FDC,8/12/2019,5130,12569.49475,183,"90,760.17"
FDC,8/12/2019,5150,5047.015844,208,"33,616.51"
FDC,8/13/2019,5110,19193.31026,124,"118,819.45"
FDC,8/13/2019,5120,23390.34896,319,"147,608.77"
FDC,8/13/2019,5130,13250.47371,193,"95,677.30"
FDC,8/13/2019,5150,5320.448602,219,"35,437.75"
FDC,8/14/2019,5110,17001.35655,109,"105,249.79"
FDC,8/14/2019,5120,20719.07644,282,"130,751.25"
FDC,8/14/2019,5130,11737.21599,171,"84,750.56"
FDC,8/14/2019,5150,4712.831839,194,"31,390.62"
FDC,8/15/2019,5110,20274.29689,131,"125,511.48"
FDC,8/15/2019,5120,24707.71705,337,"155,922.25"
FDC,8/15/2019,5130,13996.75379,204,"101,065.94"
FDC,8/15/2019,5150,5620.101646,231,"37,433.64"
FDC,8/16/2019,5110,21226.07797,137,"131,403.64"
FDC,8/16/2019,5120,25867.62596,352,"163,242.05"
FDC,8/16/2019,5130,14653.8343,214,"105,810.50"
FDC,8/16/2019,5150,5883.938484,242,"39,190.97"
FDC,8/19/2019,5110,19190.69877,124,"118,803.28"
FDC,8/19/2019,5120,23387.16641,319,"147,588.69"
FDC,8/19/2019,5130,13248.67082,193,"95,664.28"
FDC,8/19/2019,5150,5319.72469,219,"35,432.93"
FDC,8/20/2019,5110,19660.07176,127,"121,709.02"
FDC,8/20/2019,5120,23959.17811,326,"151,198.47"
FDC,8/20/2019,5130,13572.71156,198,"98,004.07"
FDC,8/20/2019,5150,5449.836422,224,"36,299.56"
FDC,8/21/2019,5110,18617.18642,120,"115,252.86"
FDC,8/21/2019,5120,22688.24299,309,"143,178.01"
FDC,8/21/2019,5130,12852.73546,188,"92,805.36"
FDC,8/21/2019,5150,5160.745184,213,"34,374.02"
FDC,8/22/2019,5110,20883.02725,134,"129,279.93"
FDC,8/22/2019,5120,25449.55966,347,"160,603.77"
FDC,8/22/2019,5130,14417.00258,210,"104,100.42"
FDC,8/22/2019,5150,5788.843698,238,"38,557.58"
FDC,8/23/2019,5110,21936.10451,141,"135,799.18"
FDC,8/23/2019,5120,26732.9154,364,"168,702.61"
FDC,8/23/2019,5130,15144.01489,221,"109,349.93"
FDC,8/23/2019,5150,6080.760173,250,"40,501.94"
FDC,8/26/2019,5110,19486.26154,125,"120,633.01"
FDC,8/26/2019,5120,23747.36047,324,"149,861.76"
FDC,8/26/2019,5130,13452.71831,196,"97,137.64"
FDC,8/26/2019,5150,5401.65566,222,"35,978.65"
FDC,8/27/2019,5110,20531.4106,132,"127,103.19"
FDC,8/27/2019,5120,25021.05432,341,"157,899.62"
FDC,8/27/2019,5130,14174.25722,207,"102,347.63"
FDC,8/27/2019,5150,5691.37441,234,"37,908.37"
FDC,8/28/2019,5110,21113.42618,136,"130,706.25"
FDC,8/28/2019,5120,25730.34039,351,"162,375.69"
FDC,8/28/2019,5130,14576.06295,213,"105,248.94"
FDC,8/28/2019,5150,5852.711039,241,"38,982.98"
FDC,8/29/2019,5110,24496.28406,158,"151,648.41"
FDC,8/29/2019,5120,29852.93442,407,"188,392.02"
FDC,8/29/2019,5130,16911.48445,247,"122,112.25"
FDC,8/29/2019,5150,6790.450348,280,"45,228.95"
FDC,8/30/2019,5110,28945.19263,186,"179,190.14"
FDC,8/30/2019,5120,35274.69453,481,"222,606.96"
FDC,8/30/2019,5130,19982.87471,292,"144,289.74"
FDC,8/30/2019,5150,8023.702406,330,"53,443.23"
FDC,9/3/2019,5110,22628.88025,146,"140,087.93"
FDC,9/3/2019,5120,27577.18176,376,"174,030.49"
FDC,9/3/2019,5130,15622.28604,228,"112,803.37"
FDC,9/3/2019,5150,6272.799881,258,"41,781.05"
FDC,9/4/2019,5110,20108.9514,129,"124,487.88"
FDC,9/4/2019,5120,24506.21514,334,"154,650.64"
FDC,9/4/2019,5130,13882.60432,203,"100,241.70"
FDC,9/4/2019,5150,5574.267334,230,"37,128.36"
FDC,9/5/2019,5110,20423.97379,131,"126,438.08"
FDC,9/5/2019,5120,24890.12409,339,"157,073.36"
FDC,9/5/2019,5130,14100.08613,206,"101,812.07"
FDC,9/5/2019,5150,5661.592572,233,"37,710.00"
FDC,9/6/2019,5110,25706.51709,165,"159,140.56"
FDC,9/6/2019,5120,31327.81147,427,"197,699.48"
FDC,9/6/2019,5130,17746.99228,259,"128,145.17"
FDC,9/6/2019,5150,7125.930915,293,"47,463.47"
FDC,9/9/2019,5110,16453.53897,106,"101,858.43"
FDC,9/9/2019,5120,20051.46652,273,"126,538.19"
FDC,9/9/2019,5130,11359.01951,166,"82,019.73"
FDC,9/9/2019,5150,4560.975009,188,"30,379.15"
FDC,9/10/2019,5110,15936.94336,103,"98,660.36"
FDC,9/10/2019,5120,19421.90593,265,"122,565.24"
FDC,9/10/2019,5130,11002.37771,161,"79,444.54"
FDC,9/10/2019,5150,4417.773008,182,"29,425.33"
FDC,9/11/2019,5110,14195.39471,91,"87,879.00"
FDC,9/11/2019,5120,17299.52944,236,"109,171.62"
FDC,9/11/2019,5130,9800.065852,143,"70,763.04"
FDC,9/11/2019,5150,3935.010008,162,"26,209.80"
FDC,9/12/2019,5110,17413.91721,112,"107,803.81"
FDC,9/12/2019,5120,21221.85255,289,"133,924.11"
FDC,9/12/2019,5130,12022.03524,175,"86,807.15"
FDC,9/12/2019,5150,4827.195009,199,"32,152.35"
FDC,9/13/2019,5110,19402.77895,125,"120,116.20"
FDC,9/13/2019,5120,23645.62257,322,"149,219.72"
FDC,9/13/2019,5130,13395.08448,195,"96,721.48"
FDC,9/13/2019,5150,5378.51401,222,"35,824.51"
FDC,9/16/2019,5110,17357.16471,112,"107,452.48"
FDC,9/16/2019,5120,21152.68987,288,"133,487.65"
FDC,9/16/2019,5130,11982.85505,175,"86,524.24"
FDC,9/16/2019,5150,4811.46303,198,"32,047.57"
FDC,9/17/2019,5110,18967.79309,122,"117,423.35"
FDC,9/17/2019,5120,23115.5175,315,"145,874.40"
FDC,9/17/2019,5130,13094.78356,191,"94,553.11"
FDC,9/17/2019,5150,5257.934502,217,"35,021.37"
FDC,9/18/2019,5110,17627.70977,113,"109,127.33"
FDC,9/18/2019,5120,21482.39555,293,"135,568.31"
FDC,9/18/2019,5130,12169.63108,178,"87,872.89"
FDC,9/18/2019,5150,4886.459009,201,"32,547.09"
FDC,9/19/2019,5110,19566.54494,126,"121,130.02"
FDC,9/19/2019,5120,23845.1996,325,"150,479.19"
FDC,9/19/2019,5130,13508.14351,197,"97,537.85"
FDC,9/19/2019,5150,5423.910482,223,"36,126.88"
FDC,9/20/2019,5110,20457.3718,132,"126,644.84"
FDC,9/20/2019,5120,24930.82531,340,"157,330.21"
FDC,9/20/2019,5130,14123.1431,206,"101,978.56"
FDC,9/20/2019,5150,5670.85061,234,"37,771.66"
FDC,9/23/2019,5110,18299.10132,118,"113,283.70"
FDC,9/23/2019,5120,22300.6016,304,"140,731.74"
FDC,9/23/2019,5130,12633.13924,184,"91,219.73"
FDC,9/23/2019,5150,5072.57095,209,"33,786.72"
FDC,9/24/2019,5110,18415.77061,119,"114,005.96"
FDC,9/24/2019,5120,22442.78319,306,"141,629.00"
FDC,9/24/2019,5130,12713.68415,186,"91,801.32"
FDC,9/24/2019,5150,5104.91206,210,"34,002.13"
FDC,9/25/2019,5110,18625.83766,120,"115,306.41"
FDC,9/25/2019,5120,22698.78601,309,"143,244.55"
FDC,9/25/2019,5130,12858.70801,188,"92,848.49"
FDC,9/25/2019,5150,5163.143335,213,"34,389.99"
FDC,9/26/2019,5110,19999.30245,129,"123,809.08"
FDC,9/26/2019,5120,24372.58903,332,"153,807.37"
FDC,9/26/2019,5130,13806.90604,202,"99,695.11"
FDC,9/26/2019,5150,5543.872282,228,"36,925.90"
FDC,9/27/2019,5110,21554.23021,139,"133,435.13"
FDC,9/27/2019,5120,26267.53589,358,"165,765.75"
FDC,9/27/2019,5130,14880.38056,217,"107,446.32"
FDC,9/27/2019,5150,5974.903361,246,"39,796.86"
FDC,9/30/2019,5110,18888.89487,122,"116,934.91"
FDC,9/30/2019,5120,23019.36646,314,"145,267.63"
FDC,9/30/2019,5130,13040.31465,190,"94,159.81"
FDC,9/30/2019,5150,5236.063657,216,"34,875.69"
FDC,10/1/2019,5110,20300.54673,131,"125,673.99"
FDC,10/1/2019,5120,24739.70699,337,"156,124.13"
FDC,10/1/2019,5130,14014.87587,205,"101,196.79"
FDC,10/1/2019,5150,5627.378187,232,"37,482.11"
FDC,10/2/2019,5110,18632.03074,120,"115,344.75"
FDC,10/2/2019,5120,22706.33335,309,"143,292.18"
FDC,10/2/2019,5130,12862.98352,188,"92,879.36"
FDC,10/2/2019,5150,5164.860078,213,"34,401.43"
FDC,10/3/2019,5110,18849.78209,121,"116,692.78"
FDC,10/3/2019,5120,22971.70081,313,"144,966.82"
FDC,10/3/2019,5130,13013.31239,190,"93,964.83"
FDC,10/3/2019,5150,5225.221467,215,"34,803.48"
FDC,10/4/2019,5110,20117.81348,130,"124,542.74"
FDC,10/4/2019,5120,24517.01511,334,"154,718.79"
FDC,10/4/2019,5130,13888.72243,203,"100,285.88"
FDC,10/4/2019,5150,5576.72393,230,"37,144.72"
FDC,10/7/2019,5110,16792.59199,108,"103,957.40"
FDC,10/7/2019,5120,20464.66093,279,"129,145.72"
FDC,10/7/2019,5130,11593.09133,169,"83,709.89"
FDC,10/7/2019,5150,4654.961618,192,"31,005.16"
FDC,10/8/2019,5110,19522.97886,126,"120,860.32"
FDC,10/8/2019,5120,23792.10684,324,"150,144.13"
FDC,10/8/2019,5130,13478.06682,197,"97,320.67"
FDC,10/8/2019,5150,5411.833821,223,"36,046.44"
FDC,10/9/2019,5110,18513.78788,119,"114,612.75"
FDC,10/9/2019,5120,22562.23409,307,"142,382.81"
FDC,10/9/2019,5130,12781.35227,187,"92,289.93"
FDC,10/9/2019,5150,5132.082768,211,"34,183.11"
FDC,10/10/2019,5110,19123.46244,123,"118,387.05"
FDC,10/10/2019,5120,23305.22738,318,"147,071.60"
FDC,10/10/2019,5130,13202.25292,193,"95,329.11"
FDC,10/10/2019,5150,5301.086557,218,"35,308.79"
FDC,10/11/2019,5110,19336.90142,124,"119,708.38"
FDC,10/11/2019,5120,23565.33948,321,"148,713.08"
FDC,10/11/2019,5130,13349.60466,195,"96,393.09"
FDC,10/11/2019,5150,5360.252545,221,"35,702.87"
FDC,10/14/2019,5110,20067.00592,129,"124,228.21"
FDC,10/14/2019,5120,24455.09736,333,"154,328.05"
FDC,10/14/2019,5130,13853.64645,202,"100,032.61"
FDC,10/14/2019,5150,5562.639908,229,"37,050.91"
FDC,10/15/2019,5110,22209.15653,143,"137,489.56"
FDC,10/15/2019,5120,27065.67623,369,"170,802.55"
FDC,10/15/2019,5130,15332.52164,224,"110,711.08"
FDC,10/15/2019,5150,6156.451088,254,"41,006.09"
FDC,10/16/2019,5110,20003.59401,129,"123,835.65"
FDC,10/16/2019,5120,24377.81904,332,"153,840.37"
FDC,10/16/2019,5130,13809.86881,202,"99,716.51"
FDC,10/16/2019,5150,5545.061918,228,"36,933.83"
FDC,10/17/2019,5110,21162.4688,136,"131,009.86"
FDC,10/17/2019,5120,25790.10724,351,"162,752.86"
FDC,10/17/2019,5130,14609.92047,213,"105,493.41"
FDC,10/17/2019,5150,5866.305812,242,"39,073.53"
FDC,10/18/2019,5110,23427.99081,151,"145,034.96"
FDC,10/18/2019,5120,28551.03539,389,"180,176.16"
FDC,10/18/2019,5130,16173.96751,236,"116,786.88"
FDC,10/18/2019,5150,6494.315952,267,"43,256.50"
FDC,10/21/2019,5110,17419.84438,112,"107,840.51"
FDC,10/21/2019,5120,21229.07583,289,"133,969.69"
FDC,10/21/2019,5130,12026.12718,176,"86,836.70"
FDC,10/21/2019,5150,4828.838041,199,"32,163.30"
FDC,10/22/2019,5110,22359.44932,144,"138,419.97"
FDC,10/22/2019,5120,27248.83384,371,"171,958.40"
FDC,10/22/2019,5130,15436.27917,225,"111,460.28"
FDC,10/22/2019,5150,6198.112742,255,"41,283.58"
FDC,10/23/2019,5110,19699.90916,127,"121,955.64"
FDC,10/23/2019,5120,24007.72683,327,"151,504.84"
FDC,10/23/2019,5130,13600.21408,198,"98,202.66"
FDC,10/23/2019,5150,5460.87948,225,"36,373.12"
FDC,10/24/2019,5110,20842.51125,134,"129,029.11"
FDC,10/24/2019,5120,25400.18396,346,"160,292.18"
FDC,10/24/2019,5130,14389.03158,210,"103,898.45"
FDC,10/24/2019,5150,5777.612532,238,"38,482.77"
FDC,10/25/2019,5110,21054.93486,136,"130,344.15"
FDC,10/25/2019,5120,25659.05865,350,"161,925.85"
FDC,10/25/2019,5130,14535.68234,212,"104,957.37"
FDC,10/25/2019,5150,5836.497053,240,"38,874.98"
FDC,10/28/2019,5110,18379.13378,118,"113,779.15"
FDC,10/28/2019,5120,22398.13491,305,"141,347.24"
FDC,10/28/2019,5130,12688.3912,185,"91,618.69"
FDC,10/28/2019,5150,5094.75621,210,"33,934.49"
FDC,10/29/2019,5110,21919.05819,141,"135,693.66"
FDC,10/29/2019,5120,26712.14152,364,"168,571.51"
FDC,10/29/2019,5130,15132.24663,221,"109,264.96"
FDC,10/29/2019,5150,6076.034877,250,"40,470.46"
FDC,10/30/2019,5110,18457.3177,119,"114,263.16"
FDC,10/30/2019,5120,22493.41547,306,"141,948.52"
FDC,10/30/2019,5130,12742.36699,186,"92,008.43"
FDC,10/30/2019,5150,5116.429051,211,"34,078.85"
FDC,10/31/2019,5110,18698.26203,120,"115,754.77"
FDC,10/31/2019,5120,22787.04756,310,"143,801.54"
FDC,10/31/2019,5130,12908.70757,188,"93,209.52"
FDC,10/31/2019,5150,5183.219608,213,"34,523.72"
FDC,11/1/2019,5110,20021.29351,129,"123,945.22"
FDC,11/1/2019,5120,24399.38893,332,"153,976.49"
FDC,11/1/2019,5130,13822.088,202,"99,804.74"
FDC,11/1/2019,5150,5549.968278,229,"36,966.51"
FDC,11/4/2019,5110,17291.76143,111,"107,047.59"
FDC,11/4/2019,5120,21072.98473,287,"132,984.65"
FDC,11/4/2019,5130,11937.70263,174,"86,198.21"
FDC,11/4/2019,5150,4793.333026,197,"31,926.81"
FDC,11/5/2019,5110,21810.0332,140,"135,018.72"
FDC,11/5/2019,5120,26579.27582,362,"167,733.04"
FDC,11/5/2019,5130,15056.97911,220,"108,721.48"
FDC,11/5/2019,5150,6045.81279,249,"40,269.16"
FDC,11/6/2019,5110,19409.07735,125,"120,155.19"
FDC,11/6/2019,5120,23653.29826,322,"149,268.16"
FDC,11/6/2019,5130,13399.43271,196,"96,752.88"
FDC,11/6/2019,5150,5380.259949,222,"35,836.14"
FDC,11/7/2019,5110,20645.96398,133,"127,812.35"
FDC,11/7/2019,5120,25160.65731,343,"158,780.61"
FDC,11/7/2019,5130,14253.34137,208,"102,918.67"
FDC,11/7/2019,5150,5723.128983,236,"38,119.87"
FDC,11/8/2019,5110,21044.98999,135,"130,282.59"
FDC,11/8/2019,5120,25646.93912,349,"161,849.37"
FDC,11/8/2019,5130,14528.8167,212,"104,907.79"
FDC,11/8/2019,5150,5833.740303,240,"38,856.62"
FDC,11/11/2019,5110,18659.34967,120,"115,513.88"
FDC,11/11/2019,5120,22739.62617,310,"143,502.28"
FDC,11/11/2019,5130,12881.84367,188,"93,015.54"
FDC,11/11/2019,5150,5172.432975,213,"34,451.87"
FDC,11/12/2019,5110,20258.33159,130,"125,412.65"
FDC,11/12/2019,5120,24688.26058,336,"155,799.47"
FDC,11/12/2019,5130,13985.73183,204,"100,986.35"
FDC,11/12/2019,5150,5615.676011,231,"37,404.16"
FDC,11/13/2019,5110,18250.01121,117,"112,979.80"
FDC,11/13/2019,5120,22240.77686,303,"140,354.20"
FDC,11/13/2019,5130,12599.24893,184,"90,975.02"
FDC,11/13/2019,5150,5058.96301,208,"33,696.08"
FDC,11/14/2019,5110,21212.74669,137,"131,321.11"
FDC,11/14/2019,5120,25851.37951,352,"163,139.53"
FDC,11/14/2019,5130,14644.6308,214,"105,744.05"
FDC,11/14/2019,5150,5880.243011,242,"39,166.36"
FDC,11/15/2019,5110,21852.05103,141,"135,278.84"
FDC,11/15/2019,5120,26630.48178,363,"168,056.18"
FDC,11/15/2019,5130,15085.98693,220,"108,930.93"
FDC,11/15/2019,5150,6057.460272,249,"40,346.74"
FDC,11/18/2019,5110,19844.12591,128,"122,848.43"
FDC,11/18/2019,5120,24183.47974,329,"152,613.96"
FDC,11/18/2019,5130,13699.77691,200,"98,921.57"
FDC,11/18/2019,5150,5500.856838,227,"36,639.39"
FDC,11/19/2019,5110,21368.33582,138,"132,284.32"
FDC,11/19/2019,5120,26040.99161,355,"164,336.10"
FDC,11/19/2019,5130,14752.04476,215,"106,519.65"
FDC,11/19/2019,5150,5923.372826,244,"39,453.63"
FDC,11/20/2019,5110,21457.32446,138,"132,835.21"
FDC,11/20/2019,5120,26149.43958,356,"165,020.48"
FDC,11/20/2019,5130,14813.4798,216,"106,963.25"
FDC,11/20/2019,5150,5948.040772,245,"39,617.94"
FDC,11/21/2019,5110,24447.9231,157,"151,349.02"
FDC,11/21/2019,5120,29793.99826,406,"188,020.09"
FDC,11/21/2019,5130,16878.09752,246,"121,871.17"
FDC,11/21/2019,5150,6777.044529,279,"45,139.66"
FDC,11/22/2019,5110,26123.71206,168,"161,723.28"
FDC,11/22/2019,5120,31836.23528,434,"200,907.97"
FDC,11/22/2019,5130,18035.01091,263,"130,224.86"
FDC,11/22/2019,5150,7241.578729,298,"48,233.77"
FDC,11/25/2019,5110,24053.78708,155,"148,909.06"
FDC,11/25/2019,5120,29313.67576,399,"184,988.93"
FDC,11/25/2019,5130,16605.99809,242,"119,906.43"
FDC,11/25/2019,5150,6667.788732,275,"44,411.94"
FDC,11/26/2019,5110,24471.6549,158,"151,495.94"
FDC,11/26/2019,5120,29822.91955,406,"188,202.60"
FDC,11/26/2019,5130,16894.48123,247,"121,989.47"
FDC,11/26/2019,5150,6783.623062,279,"45,183.47"
FDC,11/27/2019,5110,28535.36007,184,"176,653.00"
FDC,11/27/2019,5120,34775.24308,474,"219,455.08"
FDC,11/27/2019,5130,19699.93886,288,"142,246.76"
FDC,11/27/2019,5150,7910.095475,326,"52,686.54"
FDC,11/29/2019,5110,11473.08678,74,"71,026.09"
FDC,11/29/2019,5120,13981.92911,190,"88,235.34"
FDC,11/29/2019,5130,7920.667813,116,"57,192.53"
FDC,11/29/2019,5150,3180.377314,131,"21,183.44"
FDC,12/2/2019,5110,15080.216,97,"93,356.64"
FDC,12/2/2019,5120,18377.83634,250,"115,976.46"
FDC,12/2/2019,5130,10410.91938,152,"75,173.81"
FDC,12/2/2019,5150,4180.285375,172,"27,843.50"
FDC,12/3/2019,5110,17836.26934,115,"110,418.46"
FDC,12/3/2019,5120,21736.56125,296,"137,172.26"
FDC,12/3/2019,5130,12313.61422,180,"88,912.54"
FDC,12/3/2019,5150,4944.272406,204,"32,932.17"
FDC,12/4/2019,5110,17308.90579,111,"107,153.72"
FDC,12/4/2019,5120,21093.87808,287,"133,116.50"
FDC,12/4/2019,5130,11949.53857,174,"86,283.67"
FDC,12/4/2019,5150,4798.085498,198,"31,958.46"
FDC,12/5/2019,5110,17949.44285,116,"111,119.08"
FDC,12/5/2019,5120,21874.48264,298,"138,042.64"
FDC,12/5/2019,5130,12391.74574,181,"89,476.71"
FDC,12/5/2019,5150,4975.644476,205,"33,141.13"
FDC,12/6/2019,5110,17178.29214,111,"106,345.14"
FDC,12/6/2019,5120,20934.70289,285,"132,112.00"
FDC,12/6/2019,5130,11859.36691,173,"85,632.57"
FDC,12/6/2019,5150,4761.878967,196,"31,717.30"
FDC,12/9/2019,5110,16281.61499,105,"100,794.11"
FDC,12/9/2019,5120,19841.94759,270,"125,215.98"
FDC,12/9/2019,5130,11240.32845,164,"81,162.70"
FDC,12/9/2019,5150,4513.317117,186,"30,061.72"
FDC,12/10/2019,5110,19635.65591,126,"121,557.87"
FDC,12/10/2019,5120,23929.42319,326,"151,010.69"
FDC,12/10/2019,5130,13555.8556,198,"97,882.36"
FDC,12/10/2019,5150,5443.068268,224,"36,254.48"
FDC,12/11/2019,5110,17296.12696,111,"107,074.61"
FDC,12/11/2019,5120,21078.30488,287,"133,018.23"
FDC,12/11/2019,5130,11940.71646,174,"86,219.97"
FDC,12/11/2019,5150,4794.543166,197,"31,934.87"
FDC,12/12/2019,5110,18648.41391,120,"115,446.18"
FDC,12/12/2019,5120,22726.29905,310,"143,418.17"
FDC,12/12/2019,5130,12874.29396,188,"92,961.03"
FDC,12/12/2019,5150,5169.401545,213,"34,431.68"
FDC,12/13/2019,5110,18907.68536,122,"117,051.24"
FDC,12/13/2019,5120,23042.2659,314,"145,412.14"
FDC,12/13/2019,5130,13053.28703,191,"94,253.48"
FDC,12/13/2019,5150,5241.272443,216,"34,910.39"
FDC,12/16/2019,5110,19052.11156,123,"117,945.34"
FDC,12/16/2019,5120,23218.27407,316,"146,522.87"
FDC,12/16/2019,5130,13152.99446,192,"94,973.43"
FDC,12/16/2019,5150,5281.307861,218,"35,177.05"
FDC,12/17/2019,5110,23577.19678,152,"145,958.64"
FDC,12/17/2019,5120,28732.86852,391,"181,323.65"
FDC,12/17/2019,5130,16276.97474,238,"117,530.66"
FDC,12/17/2019,5150,6535.676336,269,"43,531.98"
FDC,12/18/2019,5110,21220.65213,137,"131,370.05"
FDC,12/18/2019,5120,25861.01364,352,"163,200.32"
FDC,12/18/2019,5130,14650.08846,214,"105,783.45"
FDC,12/18/2019,5150,5882.434424,242,"39,180.95"
FDC,12/19/2019,5110,25126.06598,162,"155,547.18"
FDC,12/19/2019,5120,30620.43198,417,"193,235.44"
FDC,12/19/2019,5130,17346.26661,253,"125,251.67"
FDC,12/19/2019,5150,6965.027962,287,"46,391.75"
FDC,12/20/2019,5110,26703.69238,172,"165,313.75"
FDC,12/20/2019,5120,32543.04103,443,"205,368.39"
FDC,12/20/2019,5130,18435.41157,269,"133,116.02"
FDC,12/20/2019,5150,7402.351179,305,"49,304.62"
FDC,12/23/2019,5110,18754.95379,121,"116,105.73"
FDC,12/23/2019,5120,22856.13622,311,"144,237.53"
FDC,12/23/2019,5130,12947.84583,189,"93,492.12"
FDC,12/23/2019,5150,5198.93475,214,"34,628.39"
FDC,12/24/2019,5110,21591.09439,139,"133,663.34"
FDC,12/24/2019,5120,26312.46124,358,"166,049.26"
FDC,12/24/2019,5130,14905.83046,218,"107,630.08"
FDC,12/24/2019,5150,5985.122235,247,"39,864.92"
FDC,12/26/2019,5110,30481.09029,196,"188,698.37"
FDC,12/26/2019,5120,37146.44993,506,"234,418.99"
FDC,12/26/2019,5130,21043.21142,307,"151,946.09"
FDC,12/26/2019,5150,8449.458279,348,"56,279.05"
FDC,12/27/2019,5110,30506.75533,196,"188,857.25"
FDC,12/27/2019,5120,37177.72719,507,"234,616.37"
FDC,12/27/2019,5130,21060.92978,307,"152,074.02"
FDC,12/27/2019,5150,8456.57271,348,"56,326.44"
FDC,12/30/2019,5110,19353.59838,125,"119,811.74"
FDC,12/30/2019,5120,23585.6876,321,"148,841.49"
FDC,12/30/2019,5130,13361.13173,195,"96,476.32"
FDC,12/30/2019,5150,5364.880996,221,"35,733.70"
FDC,12/31/2019,5110,26158.83441,168,"161,940.71"
FDC,12/31/2019,5120,31879.0379,434,"201,178.09"
FDC,12/31/2019,5130,18059.2583,264,"130,399.94"
FDC,12/31/2019,5150,7251.314759,299,"48,298.61"