CoID,Date,CostCtr,   Ces   ,  Stops  ,  GP Dollars  
HJL,1/2/2019,5110,"3,936",31,"23,157"
HJL,1/2/2019,5120,"5,450",98,"27,523"
HJL,1/2/2019,5130,"1,817",76,"12,317"
HJL,1/2/2019,5200,"3,936",62,"22,909"
HJL,1/2/2019,5150,797,76,"5,012"
HJL,1/3/2019,5110,"3,909",32,"22,998"
HJL,1/3/2019,5120,"5,413",101,"27,335"
HJL,1/3/2019,5130,"1,804",79,"12,233"
HJL,1/3/2019,5200,"3,909",63,"22,752"
HJL,1/3/2019,5150,791,78,"4,978"
HJL,1/4/2019,5110,"3,768",31,"22,169"
HJL,1/4/2019,5120,"5,218",100,"26,349"
HJL,1/4/2019,5130,"1,739",78,"11,792"
HJL,1/4/2019,5200,"3,768",62,"21,931"
HJL,1/4/2019,5150,763,78,"4,798"
HJL,1/7/2019,5110,"3,181",30,"18,716"
HJL,1/7/2019,5120,"4,405",94,"22,245"
HJL,1/7/2019,5130,"1,468",74,"9,955"
HJL,1/7/2019,5200,"3,181",59,"18,516"
HJL,1/7/2019,5150,644,74,"4,051"
HJL,1/8/2019,5110,"3,807",31,"22,398"
HJL,1/8/2019,5120,"5,272",100,"26,621"
HJL,1/8/2019,5130,"1,757",78,"11,914"
HJL,1/8/2019,5200,"3,807",62,"22,158"
HJL,1/8/2019,5150,771,76,"4,848"
HJL,1/9/2019,5110,"3,130",31,"18,412"
HJL,1/9/2019,5120,"4,333",98,"21,884"
HJL,1/9/2019,5130,"1,444",76,"9,793"
HJL,1/9/2019,5200,"3,130",62,"18,215"
HJL,1/9/2019,5150,634,76,"3,985"
HJL,1/10/2019,5110,"4,199",32,"24,703"
HJL,1/10/2019,5120,"5,814",101,"29,361"
HJL,1/10/2019,5130,"1,938",79,"13,140"
HJL,1/10/2019,5200,"4,199",63,"24,438"
HJL,1/10/2019,5150,850,78,"5,347"
HJL,1/11/2019,5110,"3,557",31,"20,925"
HJL,1/11/2019,5120,"4,925",100,"24,870"
HJL,1/11/2019,5130,"1,642",78,"11,130"
HJL,1/11/2019,5200,"3,557",62,"20,701"
HJL,1/11/2019,5150,720,78,"4,529"
HJL,1/14/2019,5110,"3,184",30,"18,732"
HJL,1/14/2019,5120,"4,409",94,"22,264"
HJL,1/14/2019,5130,"1,470",74,"9,963"
HJL,1/14/2019,5200,"3,184",59,"18,531"
HJL,1/14/2019,5150,645,74,"4,054"
HJL,1/15/2019,5110,"3,741",31,"22,005"
HJL,1/15/2019,5120,"5,179",100,"26,155"
HJL,1/15/2019,5130,"1,726",78,"11,705"
HJL,1/15/2019,5200,"3,741",62,"21,770"
HJL,1/15/2019,5150,757,76,"4,763"
HJL,1/16/2019,5110,"3,217",31,"18,924"
HJL,1/16/2019,5120,"4,454",98,"22,492"
HJL,1/16/2019,5130,"1,485",76,"10,066"
HJL,1/16/2019,5200,"3,217",62,"18,721"
HJL,1/16/2019,5150,651,76,"4,096"
HJL,1/17/2019,5110,"4,317",32,"25,396"
HJL,1/17/2019,5120,"5,977",101,"30,185"
HJL,1/17/2019,5130,"1,992",79,"13,509"
HJL,1/17/2019,5200,"4,317",63,"25,125"
HJL,1/17/2019,5150,874,78,"5,497"
HJL,1/18/2019,5110,"3,555",31,"20,912"
HJL,1/18/2019,5120,"4,922",100,"24,855"
HJL,1/18/2019,5130,"1,641",78,"11,123"
HJL,1/18/2019,5200,"3,555",62,"20,688"
HJL,1/18/2019,5150,720,78,"4,526"
HJL,1/22/2019,5110,"4,890",31,"28,769"
HJL,1/22/2019,5120,"6,771",100,"34,193"
HJL,1/22/2019,5130,"2,257",78,"15,302"
HJL,1/22/2019,5200,"4,890",62,"28,461"
HJL,1/22/2019,5150,990,76,"6,226"
HJL,1/23/2019,5110,"4,588",31,"26,989"
HJL,1/23/2019,5120,"6,352",98,"32,079"
HJL,1/23/2019,5130,"2,117",76,"14,356"
HJL,1/23/2019,5200,"4,588",62,"26,700"
HJL,1/23/2019,5150,929,76,"5,841"
HJL,1/24/2019,5110,"5,373",32,"31,611"
HJL,1/24/2019,5120,"7,440",101,"37,571"
HJL,1/24/2019,5130,"2,480",79,"16,814"
HJL,1/24/2019,5200,"5,373",63,"31,272"
HJL,1/24/2019,5150,"1,088",78,"6,842"
HJL,1/25/2019,5110,"4,788",31,"28,168"
HJL,1/25/2019,5120,"6,630",100,"33,479"
HJL,1/25/2019,5130,"2,210",78,"14,983"
HJL,1/25/2019,5200,"4,788",62,"27,866"
HJL,1/25/2019,5150,969,78,"6,096"
HJL,1/28/2019,5110,"3,597",30,"21,161"
HJL,1/28/2019,5120,"4,980",94,"25,151"
HJL,1/28/2019,5130,"1,660",74,"11,256"
HJL,1/28/2019,5200,"3,597",59,"20,934"
HJL,1/28/2019,5150,728,74,"4,580"
HJL,1/29/2019,5110,"4,557",31,"26,811"
HJL,1/29/2019,5120,"6,310",100,"31,866"
HJL,1/29/2019,5130,"2,103",78,"14,261"
HJL,1/29/2019,5200,"4,557",62,"26,524"
HJL,1/29/2019,5150,923,76,"5,803"
HJL,1/30/2019,5110,"3,907",31,"22,985"
HJL,1/30/2019,5120,"5,410",98,"27,320"
HJL,1/30/2019,5130,"1,803",76,"12,226"
HJL,1/30/2019,5200,"3,907",62,"22,739"
HJL,1/30/2019,5150,791,76,"4,975"
HJL,1/31/2019,5110,"5,317",32,"31,282"
HJL,1/31/2019,5120,"7,363",101,"37,181"
HJL,1/31/2019,5130,"2,454",79,"16,639"
HJL,1/31/2019,5200,"5,317",63,"30,947"
HJL,1/31/2019,5150,"1,076",78,"6,771"
HJL,2/1/2019,5110,"4,610",32,"27,120"
HJL,2/1/2019,5120,"6,383",103,"32,234"
HJL,2/1/2019,5130,"2,128",80,"14,426"
HJL,2/1/2019,5200,"4,610",65,"26,830"
HJL,2/1/2019,5150,933,80,"5,870"
HJL,2/4/2019,5110,"3,566",30,"20,980"
HJL,2/4/2019,5120,"4,938",94,"24,936"
HJL,2/4/2019,5130,"1,646",74,"11,160"
HJL,2/4/2019,5200,"3,566",59,"20,756"
HJL,2/4/2019,5150,722,74,"4,541"
HJL,2/5/2019,5110,"3,719",32,"21,876"
HJL,2/5/2019,5120,"5,149",105,"26,002"
HJL,2/5/2019,5130,"1,716",81,"11,636"
HJL,2/5/2019,5200,"3,719",66,"21,642"
HJL,2/5/2019,5150,753,80,"4,735"
HJL,2/6/2019,5110,"3,261",32,"19,186"
HJL,2/6/2019,5120,"4,516",105,"22,804"
HJL,2/6/2019,5130,"1,505",81,"10,205"
HJL,2/6/2019,5200,"3,261",66,"18,981"
HJL,2/6/2019,5150,660,81,"4,152"
HJL,2/7/2019,5110,"4,440",32,"26,121"
HJL,2/7/2019,5120,"6,148",102,"31,047"
HJL,2/7/2019,5130,"2,049",79,"13,894"
HJL,2/7/2019,5200,"4,440",65,"25,841"
HJL,2/7/2019,5150,899,79,"5,654"
HJL,2/8/2019,5110,"3,724",32,"21,907"
HJL,2/8/2019,5120,"5,156",103,"26,038"
HJL,2/8/2019,5130,"1,719",80,"11,653"
HJL,2/8/2019,5200,"3,724",65,"21,672"
HJL,2/8/2019,5150,754,80,"4,741"
HJL,2/11/2019,5110,"3,486",30,"20,510"
HJL,2/11/2019,5120,"4,827",94,"24,377"
HJL,2/11/2019,5130,"1,609",74,"10,909"
HJL,2/11/2019,5200,"3,486",59,"20,290"
HJL,2/11/2019,5150,706,74,"4,439"
HJL,2/12/2019,5110,"4,234",32,"24,910"
HJL,2/12/2019,5120,"5,863",105,"29,607"
HJL,2/12/2019,5130,"1,954",81,"13,250"
HJL,2/12/2019,5200,"4,234",66,"24,643"
HJL,2/12/2019,5150,857,80,"5,391"
HJL,2/13/2019,5110,"4,035",32,"23,736"
HJL,2/13/2019,5120,"5,586",105,"28,211"
HJL,2/13/2019,5130,"1,862",81,"12,625"
HJL,2/13/2019,5200,"4,035",66,"23,481"
HJL,2/13/2019,5150,817,81,"5,137"
HJL,2/14/2019,5110,"4,465",32,"26,273"
HJL,2/14/2019,5120,"6,183",102,"31,222"
HJL,2/14/2019,5130,"2,061",79,"13,973"
HJL,2/14/2019,5200,"4,465",65,"25,988"
HJL,2/14/2019,5150,904,79,"5,685"
HJL,2/15/2019,5110,"4,211",32,"24,776"
HJL,2/15/2019,5120,"5,830",103,"29,442"
HJL,2/15/2019,5130,"1,943",80,"13,176"
HJL,2/15/2019,5200,"4,211",65,"24,506"
HJL,2/15/2019,5150,852,80,"5,361"
HJL,2/18/2019,5110,"3,994",30,"23,499"
HJL,2/18/2019,5120,"5,530",94,"27,925"
HJL,2/18/2019,5130,"1,843",74,"12,497"
HJL,2/18/2019,5200,"3,994",59,"23,243"
HJL,2/18/2019,5150,808,74,"5,085"
HJL,2/19/2019,5110,"5,176",32,"30,454"
HJL,2/19/2019,5120,"7,166",105,"36,190"
HJL,2/19/2019,5130,"2,389",81,"16,196"
HJL,2/19/2019,5200,"5,176",66,"30,122"
HJL,2/19/2019,5150,"1,048",80,"6,590"
HJL,2/20/2019,5110,"4,351",32,"25,600"
HJL,2/20/2019,5120,"6,024",105,"30,422"
HJL,2/20/2019,5130,"2,008",81,"13,615"
HJL,2/20/2019,5200,"4,351",66,"25,321"
HJL,2/20/2019,5150,881,81,"5,540"
HJL,2/21/2019,5110,"5,053",32,"29,733"
HJL,2/21/2019,5120,"6,997",102,"35,334"
HJL,2/21/2019,5130,"2,332",79,"15,813"
HJL,2/21/2019,5200,"5,053",65,"29,410"
HJL,2/21/2019,5150,"1,023",79,"6,434"
HJL,2/22/2019,5110,"4,691",32,"27,602"
HJL,2/22/2019,5120,"6,495",103,"32,801"
HJL,2/22/2019,5130,"2,165",80,"14,679"
HJL,2/22/2019,5200,"4,691",65,"27,302"
HJL,2/22/2019,5150,950,80,"5,973"
HJL,2/25/2019,5110,"4,277",30,"25,165"
HJL,2/25/2019,5120,"5,922",94,"29,905"
HJL,2/25/2019,5130,"1,974",74,"13,383"
HJL,2/25/2019,5200,"4,277",59,"24,891"
HJL,2/25/2019,5150,866,74,"5,446"
HJL,2/26/2019,5110,"5,270",32,"31,012"
HJL,2/26/2019,5120,"7,298",105,"36,853"
HJL,2/26/2019,5130,"2,433",81,"16,493"
HJL,2/26/2019,5200,"5,270",66,"30,674"
HJL,2/26/2019,5150,"1,067",80,"6,711"
HJL,2/27/2019,5110,"4,475",32,"26,330"
HJL,2/27/2019,5120,"6,196",105,"31,289"
HJL,2/27/2019,5130,"2,065",81,"14,003"
HJL,2/27/2019,5200,"4,475",66,"26,044"
HJL,2/27/2019,5150,906,81,"5,698"
HJL,2/28/2019,5110,"5,401",32,"31,779"
HJL,2/28/2019,5120,"7,478",102,"37,765"
HJL,2/28/2019,5130,"2,493",79,"16,901"
HJL,2/28/2019,5200,"5,401",65,"31,433"
HJL,2/28/2019,5150,"1,093",79,"6,877"
HJL,3/1/2019,5110,"4,330",32,"25,475"
HJL,3/1/2019,5120,"5,995",103,"30,274"
HJL,3/1/2019,5130,"1,998",80,"13,548"
HJL,3/1/2019,5200,"4,330",65,"25,198"
HJL,3/1/2019,5150,876,80,"5,513"
HJL,3/4/2019,5110,"3,881",30,"22,834"
HJL,3/4/2019,5120,"5,373",94,"27,135"
HJL,3/4/2019,5130,"1,791",74,"12,144"
HJL,3/4/2019,5200,"3,881",59,"22,586"
HJL,3/4/2019,5150,786,74,"4,941"
HJL,3/5/2019,5110,"5,004",32,"29,446"
HJL,3/5/2019,5120,"6,929",105,"34,992"
HJL,3/5/2019,5130,"2,310",81,"15,660"
HJL,3/5/2019,5200,"5,004",66,"29,126"
HJL,3/5/2019,5150,"1,013",80,"6,372"
HJL,3/6/2019,5110,"4,289",32,"25,238"
HJL,3/6/2019,5120,"5,939",105,"29,992"
HJL,3/6/2019,5130,"1,980",81,"13,422"
HJL,3/6/2019,5200,"4,289",66,"24,963"
HJL,3/6/2019,5150,868,81,"5,461"
HJL,3/7/2019,5110,"5,831",32,"34,308"
HJL,3/7/2019,5120,"8,073",102,"40,770"
HJL,3/7/2019,5130,"2,691",79,"18,246"
HJL,3/7/2019,5200,"5,831",65,"33,935"
HJL,3/7/2019,5150,"1,180",79,"7,424"
HJL,3/8/2019,5110,"5,644",32,"33,209"
HJL,3/8/2019,5120,"7,815",103,"39,465"
HJL,3/8/2019,5130,"2,605",80,"17,661"
HJL,3/8/2019,5200,"5,644",65,"32,848"
HJL,3/8/2019,5150,"1,143",80,"7,186"
HJL,3/11/2019,5110,"4,247",30,"24,987"
HJL,3/11/2019,5120,"5,880",94,"29,693"
HJL,3/11/2019,5130,"1,960",74,"13,289"
HJL,3/11/2019,5200,"4,247",59,"24,715"
HJL,3/11/2019,5150,860,74,"5,407"
HJL,3/12/2019,5110,"4,881",32,"28,717"
HJL,3/12/2019,5120,"6,758",105,"34,126"
HJL,3/12/2019,5130,"2,253",81,"15,272"
HJL,3/12/2019,5200,"4,881",66,"28,405"
HJL,3/12/2019,5150,988,80,"6,214"
HJL,3/13/2019,5110,"4,713",32,"27,731"
HJL,3/13/2019,5120,"6,526",105,"32,955"
HJL,3/13/2019,5130,"2,175",81,"14,748"
HJL,3/13/2019,5200,"4,713",66,"27,430"
HJL,3/13/2019,5150,954,81,"6,001"
HJL,3/14/2019,5110,"5,967",32,"35,110"
HJL,3/14/2019,5120,"8,262",102,"41,723"
HJL,3/14/2019,5130,"2,754",79,"18,672"
HJL,3/14/2019,5200,"5,967",65,"34,728"
HJL,3/14/2019,5150,"1,208",79,"7,598"
HJL,3/15/2019,5110,"5,612",32,"33,021"
HJL,3/15/2019,5120,"7,770",103,"39,241"
HJL,3/15/2019,5130,"2,590",80,"17,561"
HJL,3/15/2019,5200,"5,612",65,"32,662"
HJL,3/15/2019,5150,"1,136",80,"7,146"
HJL,3/18/2019,5110,"4,348",30,"25,584"
HJL,3/18/2019,5120,"6,020",94,"30,403"
HJL,3/18/2019,5130,"2,007",74,"13,606"
HJL,3/18/2019,5200,"4,348",59,"25,306"
HJL,3/18/2019,5150,880,74,"5,536"
HJL,3/19/2019,5110,"4,721",32,"27,777"
HJL,3/19/2019,5120,"6,536",105,"33,009"
HJL,3/19/2019,5130,"2,179",81,"14,772"
HJL,3/19/2019,5200,"4,721",66,"27,475"
HJL,3/19/2019,5150,956,80,"6,011"
HJL,3/20/2019,5110,"4,576",32,"26,923"
HJL,3/20/2019,5120,"6,336",105,"31,994"
HJL,3/20/2019,5130,"2,112",81,"14,318"
HJL,3/20/2019,5200,"4,576",66,"26,630"
HJL,3/20/2019,5150,926,81,"5,826"
HJL,3/21/2019,5110,"5,783",32,"34,028"
HJL,3/21/2019,5120,"8,007",102,"40,438"
HJL,3/21/2019,5130,"2,669",79,"18,097"
HJL,3/21/2019,5200,"5,783",65,"33,658"
HJL,3/21/2019,5150,"1,171",79,"7,364"
HJL,3/22/2019,5110,"4,710",32,"27,712"
HJL,3/22/2019,5120,"6,521",103,"32,932"
HJL,3/22/2019,5130,"2,174",80,"14,738"
HJL,3/22/2019,5200,"4,710",65,"27,411"
HJL,3/22/2019,5150,953,80,"5,997"
HJL,3/25/2019,5110,"4,370",30,"25,714"
HJL,3/25/2019,5120,"6,051",94,"30,557"
HJL,3/25/2019,5130,"2,017",74,"13,675"
HJL,3/25/2019,5200,"4,370",59,"25,434"
HJL,3/25/2019,5150,885,74,"5,564"
HJL,3/26/2019,5110,"4,989",32,"29,354"
HJL,3/26/2019,5120,"6,908",105,"34,883"
HJL,3/26/2019,5130,"2,303",81,"15,611"
HJL,3/26/2019,5200,"4,989",66,"29,035"
HJL,3/26/2019,5150,"1,010",80,"6,352"
HJL,3/27/2019,5110,"4,983",32,"29,321"
HJL,3/27/2019,5120,"6,900",105,"34,843"
HJL,3/27/2019,5130,"2,300",81,"15,593"
HJL,3/27/2019,5200,"4,983",66,"29,002"
HJL,3/27/2019,5150,"1,009",81,"6,345"
HJL,3/28/2019,5110,"6,059",32,"35,652"
HJL,3/28/2019,5120,"8,390",102,"42,367"
HJL,3/28/2019,5130,"2,797",79,"18,960"
HJL,3/28/2019,5200,"6,059",65,"35,264"
HJL,3/28/2019,5150,"1,227",79,"7,715"
HJL,3/29/2019,5110,"5,893",32,"34,673"
HJL,3/29/2019,5120,"8,159",103,"41,204"
HJL,3/29/2019,5130,"2,720",80,"18,440"
HJL,3/29/2019,5200,"5,893",65,"34,296"
HJL,3/29/2019,5150,"1,193",80,"7,503"
HJL,4/1/2019,5110,"4,505",30,"26,507"
HJL,4/1/2019,5120,"6,238",94,"31,500"
HJL,4/1/2019,5130,"2,079",74,"14,097"
HJL,4/1/2019,5200,"4,505",59,"26,219"
HJL,4/1/2019,5150,912,74,"5,736"
HJL,4/2/2019,5110,"5,373",32,"31,612"
HJL,4/2/2019,5120,"7,439",105,"37,567"
HJL,4/2/2019,5130,"2,480",81,"16,812"
HJL,4/2/2019,5200,"5,373",66,"31,268"
HJL,4/2/2019,5150,"1,088",80,"6,841"
HJL,4/3/2019,5110,"4,679",32,"27,530"
HJL,4/3/2019,5120,"6,478",105,"32,716"
HJL,4/3/2019,5130,"2,159",81,"14,641"
HJL,4/3/2019,5200,"4,679",66,"27,231"
HJL,4/3/2019,5150,947,81,"5,958"
HJL,4/4/2019,5110,"5,825",32,"34,277"
HJL,4/4/2019,5120,"8,066",102,"40,733"
HJL,4/4/2019,5130,"2,689",79,"18,229"
HJL,4/4/2019,5200,"5,825",65,"33,904"
HJL,4/4/2019,5150,"1,179",79,"7,417"
HJL,4/5/2019,5110,"5,374",32,"31,622"
HJL,4/5/2019,5120,"7,441",103,"37,578"
HJL,4/5/2019,5130,"2,480",80,"16,817"
HJL,4/5/2019,5200,"5,374",65,"31,278"
HJL,4/5/2019,5150,"1,088",80,"6,843"
HJL,4/8/2019,5110,"4,818",30,"28,350"
HJL,4/8/2019,5120,"6,671",94,"33,690"
HJL,4/8/2019,5130,"2,224",74,"15,077"
HJL,4/8/2019,5200,"4,818",59,"28,041"
HJL,4/8/2019,5150,975,74,"6,135"
HJL,4/9/2019,5110,"5,087",32,"29,933"
HJL,4/9/2019,5120,"7,044",105,"35,571"
HJL,4/9/2019,5130,"2,348",81,"15,919"
HJL,4/9/2019,5200,"5,087",66,"29,607"
HJL,4/9/2019,5150,"1,030",80,"6,477"
HJL,4/10/2019,5110,"4,952",32,"29,140"
HJL,4/10/2019,5120,"6,857",105,"34,628"
HJL,4/10/2019,5130,"2,286",81,"15,497"
HJL,4/10/2019,5200,"4,952",66,"28,823"
HJL,4/10/2019,5150,"1,002",81,"6,306"
HJL,4/11/2019,5110,"5,832",32,"34,317"
HJL,4/11/2019,5120,"8,076",102,"40,781"
HJL,4/11/2019,5130,"2,692",79,"18,251"
HJL,4/11/2019,5200,"5,832",65,"33,944"
HJL,4/11/2019,5150,"1,181",79,"7,426"
HJL,4/12/2019,5110,"5,525",32,"32,512"
HJL,4/12/2019,5120,"7,651",103,"38,635"
HJL,4/12/2019,5130,"2,550",80,"17,290"
HJL,4/12/2019,5200,"5,525",65,"32,158"
HJL,4/12/2019,5150,"1,119",80,"7,035"
HJL,4/15/2019,5110,"4,383",30,"25,789"
HJL,4/15/2019,5120,"6,069",94,"30,647"
HJL,4/15/2019,5130,"2,023",74,"13,715"
HJL,4/15/2019,5200,"4,383",59,"25,508"
HJL,4/15/2019,5150,887,74,"5,581"
HJL,4/16/2019,5110,"5,052",32,"29,727"
HJL,4/16/2019,5120,"6,995",105,"35,326"
HJL,4/16/2019,5130,"2,332",81,"15,809"
HJL,4/16/2019,5200,"5,052",66,"29,404"
HJL,4/16/2019,5150,"1,023",80,"6,433"
HJL,4/17/2019,5110,"4,693",32,"27,614"
HJL,4/17/2019,5120,"6,498",105,"32,816"
HJL,4/17/2019,5130,"2,166",81,"14,686"
HJL,4/17/2019,5200,"4,693",66,"27,314"
HJL,4/17/2019,5150,950,81,"5,976"
HJL,4/18/2019,5110,"6,370",32,"37,479"
HJL,4/18/2019,5120,"8,819",102,"44,538"
HJL,4/18/2019,5130,"2,940",79,"19,932"
HJL,4/18/2019,5200,"6,370",65,"37,071"
HJL,4/18/2019,5150,"1,289",79,"8,110"
HJL,4/19/2019,5110,"4,988",32,"29,351"
HJL,4/19/2019,5120,"6,907",103,"34,879"
HJL,4/19/2019,5130,"2,302",80,"15,609"
HJL,4/19/2019,5200,"4,988",65,"29,031"
HJL,4/19/2019,5150,"1,010",80,"6,351"
HJL,4/22/2019,5110,"4,476",30,"26,335"
HJL,4/22/2019,5120,"6,197",94,"31,296"
HJL,4/22/2019,5130,"2,066",74,"14,006"
HJL,4/22/2019,5200,"4,476",59,"26,049"
HJL,4/22/2019,5150,906,74,"5,699"
HJL,4/23/2019,5110,"5,290",32,"31,125"
HJL,4/23/2019,5120,"7,324",105,"36,988"
HJL,4/23/2019,5130,"2,441",81,"16,553"
HJL,4/23/2019,5200,"5,290",66,"30,787"
HJL,4/23/2019,5150,"1,071",80,"6,735"
HJL,4/24/2019,5110,"5,003",32,"29,438"
HJL,4/24/2019,5120,"6,927",105,"34,983"
HJL,4/24/2019,5130,"2,309",81,"15,656"
HJL,4/24/2019,5200,"5,003",66,"29,118"
HJL,4/24/2019,5150,"1,013",81,"6,370"
HJL,4/25/2019,5110,"6,110",32,"35,954"
HJL,4/25/2019,5120,"8,461",102,"42,726"
HJL,4/25/2019,5130,"2,820",79,"19,121"
HJL,4/25/2019,5200,"6,110",65,"35,563"
HJL,4/25/2019,5150,"1,237",79,"7,780"
HJL,4/26/2019,5110,"5,334",32,"31,387"
HJL,4/26/2019,5120,"7,386",103,"37,299"
HJL,4/26/2019,5130,"2,462",80,"16,692"
HJL,4/26/2019,5200,"5,334",65,"31,045"
HJL,4/26/2019,5150,"1,080",80,"6,792"
HJL,4/29/2019,5110,"5,207",30,"30,635"
HJL,4/29/2019,5120,"7,209",94,"36,406"
HJL,4/29/2019,5130,"2,403",74,"16,293"
HJL,4/29/2019,5200,"5,207",59,"30,302"
HJL,4/29/2019,5150,"1,054",74,"6,629"
HJL,4/30/2019,5110,"6,131",32,"36,076"
HJL,4/30/2019,5120,"8,489",105,"42,872"
HJL,4/30/2019,5130,"2,830",81,"19,186"
HJL,4/30/2019,5200,"6,131",66,"35,684"
HJL,4/30/2019,5150,"1,241",80,"7,807"
HJL,5/1/2019,5110,"5,431",31,"31,956"
HJL,5/1/2019,5120,"7,520",98,"37,975"
HJL,5/1/2019,5130,"2,507",76,"16,995"
HJL,5/1/2019,5200,"5,431",62,"31,608"
HJL,5/1/2019,5150,"1,099",76,"6,915"
HJL,5/2/2019,5110,"7,461",32,"43,903"
HJL,5/2/2019,5120,"10,331",101,"52,173"
HJL,5/2/2019,5130,"3,444",79,"23,349"
HJL,5/2/2019,5200,"7,461",63,"43,426"
HJL,5/2/2019,5150,"1,510",78,"9,501"
HJL,5/3/2019,5110,"6,284",31,"36,975"
HJL,5/3/2019,5120,"8,701",100,"43,939"
HJL,5/3/2019,5130,"2,900",78,"19,664"
HJL,5/3/2019,5200,"6,284",62,"36,573"
HJL,5/3/2019,5150,"1,272",78,"8,001"
HJL,5/6/2019,5110,"4,301",30,"25,307"
HJL,5/6/2019,5120,"5,955",94,"30,074"
HJL,5/6/2019,5130,"1,985",74,"13,459"
HJL,5/6/2019,5200,"4,301",59,"25,032"
HJL,5/6/2019,5150,871,74,"5,476"
HJL,5/7/2019,5110,"5,538",31,"32,585"
HJL,5/7/2019,5120,"7,668",100,"38,722"
HJL,5/7/2019,5130,"2,556",78,"17,329"
HJL,5/7/2019,5200,"5,538",62,"32,230"
HJL,5/7/2019,5150,"1,121",76,"7,051"
HJL,5/8/2019,5110,"5,168",31,"30,406"
HJL,5/8/2019,5120,"7,155",98,"36,133"
HJL,5/8/2019,5130,"2,385",76,"16,170"
HJL,5/8/2019,5200,"5,168",62,"30,075"
HJL,5/8/2019,5150,"1,046",76,"6,580"
HJL,5/9/2019,5110,"6,590",32,"38,774"
HJL,5/9/2019,5120,"9,124",101,"46,077"
HJL,5/9/2019,5130,"3,041",79,"20,621"
HJL,5/9/2019,5200,"6,590",63,"38,352"
HJL,5/9/2019,5150,"1,334",78,"8,391"
HJL,5/10/2019,5110,"5,293",31,"31,145"
HJL,5/10/2019,5120,"7,329",100,"37,011"
HJL,5/10/2019,5130,"2,443",78,"16,563"
HJL,5/10/2019,5200,"5,293",62,"30,806"
HJL,5/10/2019,5150,"1,071",78,"6,740"
HJL,5/13/2019,5110,"4,981",30,"29,307"
HJL,5/13/2019,5120,"6,897",94,"34,828"
HJL,5/13/2019,5130,"2,299",74,"15,586"
HJL,5/13/2019,5200,"4,981",59,"28,989"
HJL,5/13/2019,5150,"1,008",74,"6,342"
HJL,5/14/2019,5110,"5,883",31,"34,615"
HJL,5/14/2019,5120,"8,146",100,"41,135"
HJL,5/14/2019,5130,"2,715",78,"18,409"
HJL,5/14/2019,5200,"5,883",62,"34,239"
HJL,5/14/2019,5150,"1,191",76,"7,491"
HJL,5/15/2019,5110,"5,273",31,"31,026"
HJL,5/15/2019,5120,"7,301",98,"36,870"
HJL,5/15/2019,5130,"2,434",76,"16,500"
HJL,5/15/2019,5200,"5,273",62,"30,689"
HJL,5/15/2019,5150,"1,067",76,"6,714"
HJL,5/16/2019,5110,"6,943",32,"40,855"
HJL,5/16/2019,5120,"9,614",101,"48,551"
HJL,5/16/2019,5130,"3,205",79,"21,728"
HJL,5/16/2019,5200,"6,943",63,"40,411"
HJL,5/16/2019,5150,"1,406",78,"8,841"
HJL,5/17/2019,5110,"5,763",31,"33,908"
HJL,5/17/2019,5120,"7,979",100,"40,295"
HJL,5/17/2019,5130,"2,660",78,"18,033"
HJL,5/17/2019,5200,"5,763",62,"33,539"
HJL,5/17/2019,5150,"1,167",78,"7,338"
HJL,5/20/2019,5110,"6,832",30,"40,198"
HJL,5/20/2019,5120,"9,459",94,"47,770"
HJL,5/20/2019,5130,"3,153",74,"21,378"
HJL,5/20/2019,5200,"6,832",59,"39,761"
HJL,5/20/2019,5150,"1,383",74,"8,699"
HJL,5/21/2019,5110,"7,733",31,"45,503"
HJL,5/21/2019,5120,"10,708",100,"54,074"
HJL,5/21/2019,5130,"3,569",78,"24,199"
HJL,5/21/2019,5200,"7,733",62,"45,008"
HJL,5/21/2019,5150,"1,565",76,"9,847"
HJL,5/22/2019,5110,"6,495",31,"38,215"
HJL,5/22/2019,5120,"8,993",98,"45,413"
HJL,5/22/2019,5130,"2,998",76,"20,324"
HJL,5/22/2019,5200,"6,495",62,"37,799"
HJL,5/22/2019,5150,"1,315",76,"8,270"
HJL,5/23/2019,5110,"8,180",32,"48,130"
HJL,5/23/2019,5120,"11,326",101,"57,196"
HJL,5/23/2019,5130,"3,775",79,"25,597"
HJL,5/23/2019,5200,"8,180",63,"47,607"
HJL,5/23/2019,5150,"1,656",78,"10,415"
HJL,5/24/2019,5110,"7,363",31,"43,324"
HJL,5/24/2019,5120,"10,195",100,"51,484"
HJL,5/24/2019,5130,"3,398",78,"23,040"
HJL,5/24/2019,5200,"7,363",62,"42,852"
HJL,5/24/2019,5150,"1,490",78,"9,375"
HJL,5/28/2019,5110,"6,501",31,"38,251"
HJL,5/28/2019,5120,"9,001",100,"45,456"
HJL,5/28/2019,5130,"3,000",78,"20,343"
HJL,5/28/2019,5200,"6,501",62,"37,835"
HJL,5/28/2019,5150,"1,316",76,"8,277"
HJL,5/29/2019,5110,"4,936",31,"29,041"
HJL,5/29/2019,5120,"6,834",98,"34,511"
HJL,5/29/2019,5130,"2,278",76,"15,444"
HJL,5/29/2019,5200,"4,936",62,"28,725"
HJL,5/29/2019,5150,999,76,"6,284"
HJL,5/30/2019,5110,"5,851",32,"34,429"
HJL,5/30/2019,5120,"8,102",101,"40,914"
HJL,5/30/2019,5130,"2,701",79,"18,310"
HJL,5/30/2019,5200,"5,851",63,"34,054"
HJL,5/30/2019,5150,"1,184",78,"7,450"
HJL,5/31/2019,5110,"5,543",31,"32,618"
HJL,5/31/2019,5120,"7,676",100,"38,762"
HJL,5/31/2019,5130,"2,559",78,"17,347"
HJL,5/31/2019,5200,"5,543",62,"32,263"
HJL,5/31/2019,5150,"1,122",78,"7,058"
HJL,6/3/2019,5110,"4,635",30,"27,272"
HJL,6/3/2019,5120,"6,418",94,"32,409"
HJL,6/3/2019,5130,"2,139",74,"14,504"
HJL,6/3/2019,5200,"4,635",59,"26,975"
HJL,6/3/2019,5150,938,74,"5,902"
HJL,6/4/2019,5110,"5,822",32,"34,254"
HJL,6/4/2019,5120,"8,061",105,"40,706"
HJL,6/4/2019,5130,"2,687",81,"18,217"
HJL,6/4/2019,5200,"5,822",66,"33,881"
HJL,6/4/2019,5150,"1,178",80,"7,412"
HJL,6/5/2019,5110,"5,328",32,"31,347"
HJL,6/5/2019,5120,"7,377",105,"37,252"
HJL,6/5/2019,5130,"2,459",81,"16,671"
HJL,6/5/2019,5200,"5,328",66,"31,006"
HJL,6/5/2019,5150,"1,078",81,"6,783"
HJL,6/6/2019,5110,"6,636",32,"39,048"
HJL,6/6/2019,5120,"9,189",102,"46,403"
HJL,6/6/2019,5130,"3,063",79,"20,767"
HJL,6/6/2019,5200,"6,636",65,"38,623"
HJL,6/6/2019,5150,"1,343",79,"8,450"
HJL,6/7/2019,5110,"6,014",32,"35,386"
HJL,6/7/2019,5120,"8,327",103,"42,051"
HJL,6/7/2019,5130,"2,776",80,"18,819"
HJL,6/7/2019,5200,"6,014",65,"35,001"
HJL,6/7/2019,5150,"1,217",80,"7,657"
HJL,6/10/2019,5110,"5,137",30,"30,228"
HJL,6/10/2019,5120,"7,113",94,"35,922"
HJL,6/10/2019,5130,"2,371",74,"16,076"
HJL,6/10/2019,5200,"5,137",59,"29,899"
HJL,6/10/2019,5150,"1,040",74,"6,541"
HJL,6/11/2019,5110,"5,472",32,"32,196"
HJL,6/11/2019,5120,"7,576",105,"38,260"
HJL,6/11/2019,5130,"2,525",81,"17,122"
HJL,6/11/2019,5200,"5,472",66,"31,846"
HJL,6/11/2019,5150,"1,108",80,"6,967"
HJL,6/12/2019,5110,"4,982",32,"29,314"
HJL,6/12/2019,5120,"6,898",105,"34,836"
HJL,6/12/2019,5130,"2,299",81,"15,590"
HJL,6/12/2019,5200,"4,982",66,"28,995"
HJL,6/12/2019,5150,"1,009",81,"6,343"
HJL,6/13/2019,5110,"6,369",32,"37,474"
HJL,6/13/2019,5120,"8,818",102,"44,533"
HJL,6/13/2019,5130,"2,939",79,"19,929"
HJL,6/13/2019,5200,"6,369",65,"37,066"
HJL,6/13/2019,5150,"1,289",79,"8,109"
HJL,6/14/2019,5110,"6,119",32,"36,002"
HJL,6/14/2019,5120,"8,472",103,"42,783"
HJL,6/14/2019,5130,"2,824",80,"19,146"
HJL,6/14/2019,5200,"6,119",65,"35,610"
HJL,6/14/2019,5150,"1,239",80,"7,791"
HJL,6/17/2019,5110,"4,573",30,"26,910"
HJL,6/17/2019,5120,"6,333",94,"31,979"
HJL,6/17/2019,5130,"2,111",74,"14,311"
HJL,6/17/2019,5200,"4,573",59,"26,618"
HJL,6/17/2019,5150,926,74,"5,823"
HJL,6/18/2019,5110,"5,724",32,"33,679"
HJL,6/18/2019,5120,"7,925",105,"40,023"
HJL,6/18/2019,5130,"2,642",81,"17,911"
HJL,6/18/2019,5200,"5,724",66,"33,313"
HJL,6/18/2019,5150,"1,159",80,"7,288"
HJL,6/19/2019,5110,"5,749",32,"33,828"
HJL,6/19/2019,5120,"7,960",105,"40,200"
HJL,6/19/2019,5130,"2,653",81,"17,990"
HJL,6/19/2019,5200,"5,749",66,"33,460"
HJL,6/19/2019,5150,"1,164",81,"7,320"
HJL,6/20/2019,5110,"7,218",32,"42,473"
HJL,6/20/2019,5120,"9,995",102,"50,473"
HJL,6/20/2019,5130,"3,332",79,"22,588"
HJL,6/20/2019,5200,"7,218",65,"42,011"
HJL,6/20/2019,5150,"1,461",79,"9,191"
HJL,6/21/2019,5110,"6,405",32,"37,689"
HJL,6/21/2019,5120,"8,869",103,"44,788"
HJL,6/21/2019,5130,"2,956",80,"20,044"
HJL,6/21/2019,5200,"6,405",65,"37,279"
HJL,6/21/2019,5150,"1,297",80,"8,156"
HJL,6/24/2019,5110,"6,501",30,"38,249"
HJL,6/24/2019,5120,"9,001",94,"45,454"
HJL,6/24/2019,5130,"3,000",74,"20,342"
HJL,6/24/2019,5200,"6,501",59,"37,833"
HJL,6/24/2019,5150,"1,316",74,"8,277"
HJL,6/25/2019,5110,"7,759",32,"45,655"
HJL,6/25/2019,5120,"10,744",105,"54,255"
HJL,6/25/2019,5130,"3,581",81,"24,281"
HJL,6/25/2019,5200,"7,759",66,"45,159"
HJL,6/25/2019,5150,"1,571",80,"9,880"
HJL,6/26/2019,5110,"6,368",32,"37,469"
HJL,6/26/2019,5120,"8,817",105,"44,526"
HJL,6/26/2019,5130,"2,939",81,"19,927"
HJL,6/26/2019,5200,"6,368",66,"37,061"
HJL,6/26/2019,5150,"1,289",81,"8,108"
HJL,6/27/2019,5110,"8,684",32,"51,098"
HJL,6/27/2019,5120,"12,024",102,"60,723"
HJL,6/27/2019,5130,"4,008",79,"27,175"
HJL,6/27/2019,5200,"8,684",65,"50,542"
HJL,6/27/2019,5150,"1,758",79,"11,058"
HJL,6/28/2019,5110,"8,467",32,"49,819"
HJL,6/28/2019,5120,"11,723",103,"59,203"
HJL,6/28/2019,5130,"3,908",80,"26,495"
HJL,6/28/2019,5200,"8,467",65,"49,277"
HJL,6/28/2019,5150,"1,714",80,"10,781"
HJL,7/1/2019,5110,"7,417",30,"43,642"
HJL,7/1/2019,5120,"10,270",94,"51,863"
HJL,7/1/2019,5130,"3,423",74,"23,210"
HJL,7/1/2019,5200,"7,417",59,"43,168"
HJL,7/1/2019,5150,"1,501",74,"9,444"
HJL,7/2/2019,5110,"8,679",31,"51,068"
HJL,7/2/2019,5120,"12,017",100,"60,687"
HJL,7/2/2019,5130,"4,006",78,"27,159"
HJL,7/2/2019,5200,"8,679",62,"50,512"
HJL,7/2/2019,5150,"1,757",76,"11,051"
HJL,7/3/2019,5110,"6,778",31,"39,883"
HJL,7/3/2019,5120,"9,385",98,"47,396"
HJL,7/3/2019,5130,"3,128",76,"21,211"
HJL,7/3/2019,5200,"6,778",62,"39,449"
HJL,7/3/2019,5150,"1,372",76,"8,631"
HJL,7/5/2019,5110,"7,515",31,"44,218"
HJL,7/5/2019,5120,"10,405",100,"52,547"
HJL,7/5/2019,5130,"3,468",78,"23,516"
HJL,7/5/2019,5200,"7,515",62,"43,738"
HJL,7/5/2019,5150,"1,521",78,"9,569"
HJL,7/8/2019,5110,"5,637",30,"33,171"
HJL,7/8/2019,5120,"7,806",94,"39,419"
HJL,7/8/2019,5130,"2,602",74,"17,641"
HJL,7/8/2019,5200,"5,637",59,"32,810"
HJL,7/8/2019,5150,"1,141",74,"7,178"
HJL,7/9/2019,5110,"5,344",31,"31,447"
HJL,7/9/2019,5120,"7,400",100,"37,370"
HJL,7/9/2019,5130,"2,467",78,"16,724"
HJL,7/9/2019,5200,"5,344",62,"31,105"
HJL,7/9/2019,5150,"1,082",76,"6,805"
HJL,7/10/2019,5110,"5,501",31,"32,369"
HJL,7/10/2019,5120,"7,617",98,"38,466"
HJL,7/10/2019,5130,"2,539",76,"17,214"
HJL,7/10/2019,5200,"5,501",62,"32,017"
HJL,7/10/2019,5150,"1,114",76,"7,005"
HJL,7/11/2019,5110,"6,175",32,"36,333"
HJL,7/11/2019,5120,"8,550",101,"43,177"
HJL,7/11/2019,5130,"2,850",79,"19,323"
HJL,7/11/2019,5200,"6,175",63,"35,938"
HJL,7/11/2019,5150,"1,250",78,"7,862"
HJL,7/12/2019,5110,"6,303",31,"37,085"
HJL,7/12/2019,5120,"8,727",100,"44,071"
HJL,7/12/2019,5130,"2,909",78,"19,723"
HJL,7/12/2019,5200,"6,303",62,"36,682"
HJL,7/12/2019,5150,"1,276",78,"8,025"
HJL,7/15/2019,5110,"5,053",30,"29,733"
HJL,7/15/2019,5120,"6,997",94,"35,334"
HJL,7/15/2019,5130,"2,332",74,"15,813"
HJL,7/15/2019,5200,"5,053",59,"29,410"
HJL,7/15/2019,5150,"1,023",74,"6,434"
HJL,7/16/2019,5110,"5,588",31,"32,881"
HJL,7/16/2019,5120,"7,738",100,"39,075"
HJL,7/16/2019,5130,"2,579",78,"17,487"
HJL,7/16/2019,5200,"5,588",62,"32,524"
HJL,7/16/2019,5150,"1,131",76,"7,115"
HJL,7/17/2019,5110,"5,106",31,"30,043"
HJL,7/17/2019,5120,"7,070",98,"35,702"
HJL,7/17/2019,5130,"2,357",76,"15,978"
HJL,7/17/2019,5200,"5,106",62,"29,716"
HJL,7/17/2019,5150,"1,034",76,"6,501"
HJL,7/18/2019,5110,"6,039",32,"35,531"
HJL,7/18/2019,5120,"8,361",101,"42,224"
HJL,7/18/2019,5130,"2,787",79,"18,896"
HJL,7/18/2019,5200,"6,039",63,"35,145"
HJL,7/18/2019,5150,"1,222",78,"7,689"
HJL,7/19/2019,5110,"5,304",31,"31,212"
HJL,7/19/2019,5120,"7,345",100,"37,091"
HJL,7/19/2019,5130,"2,448",78,"16,599"
HJL,7/19/2019,5200,"5,304",62,"30,872"
HJL,7/19/2019,5150,"1,074",78,"6,754"
HJL,7/22/2019,5110,"4,707",30,"27,695"
HJL,7/22/2019,5120,"6,517",94,"32,912"
HJL,7/22/2019,5130,"2,172",74,"14,729"
HJL,7/22/2019,5200,"4,707",59,"27,394"
HJL,7/22/2019,5150,953,74,"5,993"
HJL,7/23/2019,5110,"5,483",31,"32,260"
HJL,7/23/2019,5120,"7,591",100,"38,336"
HJL,7/23/2019,5130,"2,530",78,"17,156"
HJL,7/23/2019,5200,"5,483",62,"31,909"
HJL,7/23/2019,5150,"1,110",76,"6,981"
HJL,7/24/2019,5110,"4,822",31,"28,371"
HJL,7/24/2019,5120,"6,676",98,"33,715"
HJL,7/24/2019,5130,"2,225",76,"15,088"
HJL,7/24/2019,5200,"4,822",62,"28,062"
HJL,7/24/2019,5150,976,76,"6,139"
HJL,7/25/2019,5110,"6,409",32,"37,711"
HJL,7/25/2019,5120,"8,874",101,"44,814"
HJL,7/25/2019,5130,"2,958",79,"20,055"
HJL,7/25/2019,5200,"6,409",63,"37,301"
HJL,7/25/2019,5150,"1,297",78,"8,160"
HJL,7/26/2019,5110,"5,794",31,"34,090"
HJL,7/26/2019,5120,"8,022",100,"40,511"
HJL,7/26/2019,5130,"2,674",78,"18,130"
HJL,7/26/2019,5200,"5,794",62,"33,719"
HJL,7/26/2019,5150,"1,173",78,"7,377"
HJL,7/29/2019,5110,"4,722",30,"27,785"
HJL,7/29/2019,5120,"6,538",94,"33,019"
HJL,7/29/2019,5130,"2,179",74,"14,777"
HJL,7/29/2019,5200,"4,722",59,"27,483"
HJL,7/29/2019,5150,956,74,"6,013"
HJL,7/30/2019,5110,"5,022",31,"29,550"
HJL,7/30/2019,5120,"6,954",100,"35,115"
HJL,7/30/2019,5130,"2,318",78,"15,715"
HJL,7/30/2019,5200,"5,022",62,"29,228"
HJL,7/30/2019,5150,"1,017",76,"6,394"
HJL,7/31/2019,5110,"4,874",31,"28,682"
HJL,7/31/2019,5120,"6,749",98,"34,084"
HJL,7/31/2019,5130,"2,250",76,"15,253"
HJL,7/31/2019,5200,"4,874",62,"28,370"
HJL,7/31/2019,5150,987,76,"6,207"
HJL,8/1/2019,5110,"6,179",32,"36,360"
HJL,8/1/2019,5120,"8,556",102,"43,209"
HJL,8/1/2019,5130,"2,852",79,"19,337"
HJL,8/1/2019,5200,"6,179",65,"35,965"
HJL,8/1/2019,5150,"1,251",79,"7,868"
HJL,8/2/2019,5110,"5,848",32,"34,407"
HJL,8/2/2019,5120,"8,097",103,"40,888"
HJL,8/2/2019,5130,"2,699",80,"18,298"
HJL,8/2/2019,5200,"5,848",65,"34,033"
HJL,8/2/2019,5150,"1,184",80,"7,446"
HJL,8/5/2019,5110,"4,785",30,"28,156"
HJL,8/5/2019,5120,"6,626",94,"33,459"
HJL,8/5/2019,5130,"2,209",74,"14,974"
HJL,8/5/2019,5200,"4,785",59,"27,850"
HJL,8/5/2019,5150,969,74,"6,093"
HJL,8/6/2019,5110,"5,441",32,"32,015"
HJL,8/6/2019,5120,"7,534",105,"38,045"
HJL,8/6/2019,5130,"2,511",81,"17,026"
HJL,8/6/2019,5200,"5,441",66,"31,666"
HJL,8/6/2019,5150,"1,101",80,"6,928"
HJL,8/7/2019,5110,"5,044",32,"29,677"
HJL,8/7/2019,5120,"6,984",105,"35,267"
HJL,8/7/2019,5130,"2,328",81,"15,783"
HJL,8/7/2019,5200,"5,044",66,"29,354"
HJL,8/7/2019,5150,"1,021",81,"6,422"
HJL,8/8/2019,5110,"6,238",32,"36,705"
HJL,8/8/2019,5120,"8,637",102,"43,619"
HJL,8/8/2019,5130,"2,879",79,"19,520"
HJL,8/8/2019,5200,"6,238",65,"36,306"
HJL,8/8/2019,5150,"1,263",79,"7,943"
HJL,8/9/2019,5110,"5,614",32,"33,033"
HJL,8/9/2019,5120,"7,773",103,"39,255"
HJL,8/9/2019,5130,"2,591",80,"17,568"
HJL,8/9/2019,5200,"5,614",65,"32,674"
HJL,8/9/2019,5150,"1,136",80,"7,148"
HJL,8/12/2019,5110,"4,891",30,"28,776"
HJL,8/12/2019,5120,"6,772",94,"34,197"
HJL,8/12/2019,5130,"2,257",74,"15,304"
HJL,8/12/2019,5200,"4,891",59,"28,463"
HJL,8/12/2019,5150,990,74,"6,227"
HJL,8/13/2019,5110,"5,892",32,"34,667"
HJL,8/13/2019,5120,"8,158",105,"41,197"
HJL,8/13/2019,5130,"2,719",81,"18,436"
HJL,8/13/2019,5200,"5,892",66,"34,290"
HJL,8/13/2019,5150,"1,193",80,"7,502"
HJL,8/14/2019,5110,"4,798",32,"28,233"
HJL,8/14/2019,5120,"6,644",105,"33,551"
HJL,8/14/2019,5130,"2,215",81,"15,015"
HJL,8/14/2019,5200,"4,798",66,"27,926"
HJL,8/14/2019,5150,971,81,"6,109"
HJL,8/15/2019,5110,"6,454",32,"37,973"
HJL,8/15/2019,5120,"8,936",102,"45,126"
HJL,8/15/2019,5130,"2,979",79,"20,195"
HJL,8/15/2019,5200,"6,454",65,"37,560"
HJL,8/15/2019,5150,"1,306",79,"8,217"
HJL,8/16/2019,5110,"5,468",32,"32,174"
HJL,8/16/2019,5120,"7,571",103,"38,235"
HJL,8/16/2019,5130,"2,524",80,"17,111"
HJL,8/16/2019,5200,"5,468",65,"31,824"
HJL,8/16/2019,5150,"1,107",80,"6,962"
HJL,8/19/2019,5110,"4,722",30,"27,787"
HJL,8/19/2019,5120,"6,539",94,"33,020"
HJL,8/19/2019,5130,"2,180",74,"14,777"
HJL,8/19/2019,5200,"4,722",59,"27,484"
HJL,8/19/2019,5150,956,74,"6,013"
HJL,8/20/2019,5110,"5,312",32,"31,255"
HJL,8/20/2019,5120,"7,355",105,"37,143"
HJL,8/20/2019,5130,"2,452",81,"16,622"
HJL,8/20/2019,5200,"5,312",66,"30,915"
HJL,8/20/2019,5150,"1,075",80,"6,764"
HJL,8/21/2019,5110,"4,832",32,"28,430"
HJL,8/21/2019,5120,"6,690",105,"33,785"
HJL,8/21/2019,5130,"2,230",81,"15,120"
HJL,8/21/2019,5200,"4,832",66,"28,121"
HJL,8/21/2019,5150,978,81,"6,152"
HJL,8/22/2019,5110,"6,366",32,"37,460"
HJL,8/22/2019,5120,"8,815",102,"44,516"
HJL,8/22/2019,5130,"2,938",79,"19,922"
HJL,8/22/2019,5200,"6,366",65,"37,052"
HJL,8/22/2019,5150,"1,289",79,"8,106"
HJL,8/23/2019,5110,"5,435",32,"31,980"
HJL,8/23/2019,5120,"7,525",103,"38,003"
HJL,8/23/2019,5130,"2,508",80,"17,007"
HJL,8/23/2019,5200,"5,435",65,"31,632"
HJL,8/23/2019,5150,"1,100",80,"6,920"
HJL,8/26/2019,5110,"5,417",30,"31,876"
HJL,8/26/2019,5120,"7,501",94,"37,880"
HJL,8/26/2019,5130,"2,500",74,"16,952"
HJL,8/26/2019,5200,"5,417",59,"31,529"
HJL,8/26/2019,5150,"1,097",74,"6,898"
HJL,8/27/2019,5110,"6,507",32,"38,285"
HJL,8/27/2019,5120,"9,009",105,"45,496"
HJL,8/27/2019,5130,"3,003",81,"20,361"
HJL,8/27/2019,5200,"6,507",66,"37,869"
HJL,8/27/2019,5150,"1,317",80,"8,285"
HJL,8/28/2019,5110,"5,216",32,"30,691"
HJL,8/28/2019,5120,"7,222",105,"36,472"
HJL,8/28/2019,5130,"2,407",81,"16,322"
HJL,8/28/2019,5200,"5,216",66,"30,357"
HJL,8/28/2019,5150,"1,056",81,"6,641"
HJL,8/29/2019,5110,"7,286",32,"42,872"
HJL,8/29/2019,5120,"10,088",102,"50,947"
HJL,8/29/2019,5130,"3,363",79,"22,800"
HJL,8/29/2019,5200,"7,286",65,"42,405"
HJL,8/29/2019,5150,"1,475",79,"9,277"
HJL,8/30/2019,5110,"6,581",32,"38,721"
HJL,8/30/2019,5120,"9,112",103,"46,014"
HJL,8/30/2019,5130,"3,037",80,"20,592"
HJL,8/30/2019,5200,"6,581",65,"38,299"
HJL,8/30/2019,5150,"1,332",80,"8,379"
HJL,9/3/2019,5110,"6,052",31,"35,607"
HJL,9/3/2019,5120,"8,379",100,"42,314"
HJL,9/3/2019,5130,"2,793",78,"18,937"
HJL,9/3/2019,5200,"6,052",62,"35,220"
HJL,9/3/2019,5150,"1,225",76,"7,705"
HJL,9/4/2019,5110,"5,126",31,"30,161"
HJL,9/4/2019,5120,"7,098",98,"35,843"
HJL,9/4/2019,5130,"2,366",76,"16,040"
HJL,9/4/2019,5200,"5,126",62,"29,833"
HJL,9/4/2019,5150,"1,038",76,"6,527"
HJL,9/5/2019,5110,"5,305",32,"31,216"
HJL,9/5/2019,5120,"7,346",101,"37,096"
HJL,9/5/2019,5130,"2,449",79,"16,602"
HJL,9/5/2019,5200,"5,305",63,"30,877"
HJL,9/5/2019,5150,"1,074",78,"6,755"
HJL,9/6/2019,5110,"5,333",31,"31,382"
HJL,9/6/2019,5120,"7,385",100,"37,293"
HJL,9/6/2019,5130,"2,462",78,"16,690"
HJL,9/6/2019,5200,"5,333",62,"31,041"
HJL,9/6/2019,5150,"1,080",78,"6,791"
HJL,9/9/2019,5110,"4,209",30,"24,768"
HJL,9/9/2019,5120,"5,828",94,"29,433"
HJL,9/9/2019,5130,"1,943",74,"13,172"
HJL,9/9/2019,5200,"4,209",59,"24,499"
HJL,9/9/2019,5150,852,74,"5,360"
HJL,9/10/2019,5110,"4,706",31,"27,686"
HJL,9/10/2019,5120,"6,516",100,"32,906"
HJL,9/10/2019,5130,"2,172",78,"14,726"
HJL,9/10/2019,5200,"4,706",62,"27,389"
HJL,9/10/2019,5150,953,76,"5,992"
HJL,9/11/2019,5110,"4,791",31,"28,193"
HJL,9/11/2019,5120,"6,634",98,"33,503"
HJL,9/11/2019,5130,"2,211",76,"14,994"
HJL,9/11/2019,5200,"4,791",62,"27,886"
HJL,9/11/2019,5150,970,76,"6,101"
HJL,9/12/2019,5110,"5,216",32,"30,690"
HJL,9/12/2019,5120,"7,222",101,"36,471"
HJL,9/12/2019,5130,"2,407",79,"16,322"
HJL,9/12/2019,5200,"5,216",63,"30,357"
HJL,9/12/2019,5150,"1,056",78,"6,641"
HJL,9/13/2019,5110,"4,188",31,"24,643"
HJL,9/13/2019,5120,"5,799",100,"29,285"
HJL,9/13/2019,5130,"1,933",78,"13,106"
HJL,9/13/2019,5200,"4,188",62,"24,375"
HJL,9/13/2019,5150,848,78,"5,333"
HJL,9/16/2019,5110,"4,100",30,"24,124"
HJL,9/16/2019,5120,"5,677",94,"28,669"
HJL,9/16/2019,5130,"1,892",74,"12,830"
HJL,9/16/2019,5200,"4,100",59,"23,862"
HJL,9/16/2019,5150,830,74,"5,220"
HJL,9/17/2019,5110,"5,569",31,"32,770"
HJL,9/17/2019,5120,"7,711",100,"38,943"
HJL,9/17/2019,5130,"2,570",78,"17,428"
HJL,9/17/2019,5200,"5,569",62,"32,414"
HJL,9/17/2019,5150,"1,127",76,"7,091"
HJL,9/18/2019,5110,"5,034",31,"29,620"
HJL,9/18/2019,5120,"6,970",98,"35,199"
HJL,9/18/2019,5130,"2,323",76,"15,752"
HJL,9/18/2019,5200,"5,034",62,"29,298"
HJL,9/18/2019,5150,"1,019",76,"6,410"
HJL,9/19/2019,5110,"5,457",32,"32,112"
HJL,9/19/2019,5120,"7,556",101,"38,160"
HJL,9/19/2019,5130,"2,519",79,"17,078"
HJL,9/19/2019,5200,"5,457",63,"31,762"
HJL,9/19/2019,5150,"1,105",78,"6,949"
HJL,9/20/2019,5110,"4,897",31,"28,816"
HJL,9/20/2019,5120,"6,781",100,"34,244"
HJL,9/20/2019,5130,"2,260",78,"15,325"
HJL,9/20/2019,5200,"4,897",62,"28,503"
HJL,9/20/2019,5150,991,78,"6,236"
HJL,9/23/2019,5110,"4,456",30,"26,221"
HJL,9/23/2019,5120,"6,170",94,"31,160"
HJL,9/23/2019,5130,"2,057",74,"13,945"
HJL,9/23/2019,5200,"4,456",59,"25,935"
HJL,9/23/2019,5150,902,74,"5,674"
HJL,9/24/2019,5110,"5,103",31,"30,024"
HJL,9/24/2019,5120,"7,065",100,"35,679"
HJL,9/24/2019,5130,"2,355",78,"15,967"
HJL,9/24/2019,5200,"5,103",62,"29,697"
HJL,9/24/2019,5150,"1,033",76,"6,497"
HJL,9/25/2019,5110,"4,363",31,"25,674"
HJL,9/25/2019,5120,"6,042",98,"30,510"
HJL,9/25/2019,5130,"2,014",76,"13,654"
HJL,9/25/2019,5200,"4,363",62,"25,395"
HJL,9/25/2019,5150,883,76,"5,556"
HJL,9/26/2019,5110,"5,291",32,"31,130"
HJL,9/26/2019,5120,"7,326",101,"36,994"
HJL,9/26/2019,5130,"2,442",79,"16,556"
HJL,9/26/2019,5200,"5,291",63,"30,792"
HJL,9/26/2019,5150,"1,071",78,"6,736"
HJL,9/27/2019,5110,"4,553",31,"26,793"
HJL,9/27/2019,5120,"6,305",100,"31,839"
HJL,9/27/2019,5130,"2,102",78,"14,249"
HJL,9/27/2019,5200,"4,553",62,"26,501"
HJL,9/27/2019,5150,922,78,"5,798"
HJL,9/30/2019,5110,"4,657",30,"27,404"
HJL,9/30/2019,5120,"6,449",94,"32,566"
HJL,9/30/2019,5130,"2,150",74,"14,574"
HJL,9/30/2019,5200,"4,657",59,"27,106"
HJL,9/30/2019,5150,943,74,"5,930"
HJL,10/1/2019,5110,"5,145",31,"30,274"
HJL,10/1/2019,5120,"7,124",100,"35,976"
HJL,10/1/2019,5130,"2,375",78,"16,100"
HJL,10/1/2019,5200,"5,145",62,"29,944"
HJL,10/1/2019,5150,"1,042",76,"6,551"
HJL,10/2/2019,5110,"4,447",31,"26,168"
HJL,10/2/2019,5120,"6,158",98,"31,096"
HJL,10/2/2019,5130,"2,053",76,"13,916"
HJL,10/2/2019,5200,"4,447",62,"25,883"
HJL,10/2/2019,5150,900,76,"5,663"
HJL,10/3/2019,5110,"5,576",32,"32,811"
HJL,10/3/2019,5120,"7,721",101,"38,991"
HJL,10/3/2019,5130,"2,574",79,"17,449"
HJL,10/3/2019,5200,"5,576",63,"32,454"
HJL,10/3/2019,5150,"1,129",78,"7,100"
HJL,10/4/2019,5110,"4,806",31,"28,281"
HJL,10/4/2019,5120,"6,655",100,"33,608"
HJL,10/4/2019,5130,"2,218",78,"15,040"
HJL,10/4/2019,5200,"4,806",62,"27,973"
HJL,10/4/2019,5150,973,78,"6,120"
HJL,10/7/2019,5110,"4,553",30,"26,788"
HJL,10/7/2019,5120,"6,304",94,"31,834"
HJL,10/7/2019,5130,"2,101",74,"14,246"
HJL,10/7/2019,5200,"4,553",59,"26,497"
HJL,10/7/2019,5150,922,74,"5,797"
HJL,10/8/2019,5110,"5,208",31,"30,645"
HJL,10/8/2019,5120,"7,211",100,"36,418"
HJL,10/8/2019,5130,"2,404",78,"16,298"
HJL,10/8/2019,5200,"5,208",62,"30,312"
HJL,10/8/2019,5150,"1,054",76,"6,632"
HJL,10/9/2019,5110,"4,780",31,"28,128"
HJL,10/9/2019,5120,"6,619",98,"33,426"
HJL,10/9/2019,5130,"2,206",76,"14,959"
HJL,10/9/2019,5200,"4,780",62,"27,822"
HJL,10/9/2019,5150,968,76,"6,087"
HJL,10/10/2019,5110,"6,363",32,"37,441"
HJL,10/10/2019,5120,"8,811",101,"44,494"
HJL,10/10/2019,5130,"2,937",79,"19,912"
HJL,10/10/2019,5200,"6,363",63,"37,034"
HJL,10/10/2019,5150,"1,288",78,"8,102"
HJL,10/11/2019,5110,"5,321",31,"31,307"
HJL,10/11/2019,5120,"7,367",100,"37,203"
HJL,10/11/2019,5130,"2,456",78,"16,649"
HJL,10/11/2019,5200,"5,321",62,"30,966"
HJL,10/11/2019,5150,"1,077",78,"6,775"
HJL,10/14/2019,5110,"4,428",30,"26,053"
HJL,10/14/2019,5120,"6,131",94,"30,960"
HJL,10/14/2019,5130,"2,044",74,"13,855"
HJL,10/14/2019,5200,"4,428",59,"25,770"
HJL,10/14/2019,5150,896,74,"5,638"
HJL,10/15/2019,5110,"4,828",31,"28,409"
HJL,10/15/2019,5120,"6,685",100,"33,760"
HJL,10/15/2019,5130,"2,228",78,"15,108"
HJL,10/15/2019,5200,"4,828",62,"28,100"
HJL,10/15/2019,5150,977,76,"6,148"
HJL,10/16/2019,5110,"4,496",31,"26,455"
HJL,10/16/2019,5120,"6,225",98,"31,438"
HJL,10/16/2019,5130,"2,075",76,"14,069"
HJL,10/16/2019,5200,"4,496",62,"26,168"
HJL,10/16/2019,5150,910,76,"5,725"
HJL,10/17/2019,5110,"5,771",32,"33,956"
HJL,10/17/2019,5120,"7,990",101,"40,352"
HJL,10/17/2019,5130,"2,663",79,"18,058"
HJL,10/17/2019,5200,"5,771",63,"33,587"
HJL,10/17/2019,5150,"1,168",78,"7,348"
HJL,10/18/2019,5110,"4,940",31,"29,068"
HJL,10/18/2019,5120,"6,840",100,"34,544"
HJL,10/18/2019,5130,"2,280",78,"15,459"
HJL,10/18/2019,5200,"4,940",62,"28,752"
HJL,10/18/2019,5150,"1,000",78,"6,290"
HJL,10/21/2019,5110,"4,495",30,"26,450"
HJL,10/21/2019,5120,"6,224",94,"31,432"
HJL,10/21/2019,5130,"2,075",74,"14,067"
HJL,10/21/2019,5200,"4,495",59,"26,162"
HJL,10/21/2019,5150,910,74,"5,724"
HJL,10/22/2019,5110,"5,421",31,"31,897"
HJL,10/22/2019,5120,"7,506",100,"37,905"
HJL,10/22/2019,5130,"2,502",78,"16,963"
HJL,10/22/2019,5200,"5,421",62,"31,550"
HJL,10/22/2019,5150,"1,097",76,"6,902"
HJL,10/23/2019,5110,"4,526",31,"26,630"
HJL,10/23/2019,5120,"6,267",98,"31,646"
HJL,10/23/2019,5130,"2,089",76,"14,162"
HJL,10/23/2019,5200,"4,526",62,"26,340"
HJL,10/23/2019,5150,916,76,"5,763"
HJL,10/24/2019,5110,"5,297",32,"31,168"
HJL,10/24/2019,5120,"7,334",101,"37,039"
HJL,10/24/2019,5130,"2,445",79,"16,576"
HJL,10/24/2019,5200,"5,297",63,"30,829"
HJL,10/24/2019,5150,"1,072",78,"6,745"
HJL,10/25/2019,5110,"4,620",31,"27,183"
HJL,10/25/2019,5120,"6,397",100,"32,303"
HJL,10/25/2019,5130,"2,132",78,"14,457"
HJL,10/25/2019,5200,"4,620",62,"26,887"
HJL,10/25/2019,5150,935,78,"5,882"
HJL,10/28/2019,5110,"4,334",30,"25,501"
HJL,10/28/2019,5120,"6,001",94,"30,304"
HJL,10/28/2019,5130,"2,000",74,"13,562"
HJL,10/28/2019,5200,"4,334",59,"25,224"
HJL,10/28/2019,5150,877,74,"5,518"
HJL,10/29/2019,5110,"4,640",31,"27,301"
HJL,10/29/2019,5120,"6,424",100,"32,444"
HJL,10/29/2019,5130,"2,141",78,"14,519"
HJL,10/29/2019,5200,"4,640",62,"27,004"
HJL,10/29/2019,5150,939,76,"5,908"
HJL,10/30/2019,5110,"4,318",31,"25,405"
HJL,10/30/2019,5120,"5,978",98,"30,190"
HJL,10/30/2019,5130,"1,993",76,"13,511"
HJL,10/30/2019,5200,"4,318",62,"25,129"
HJL,10/30/2019,5150,874,76,"5,498"
HJL,10/31/2019,5110,"5,255",32,"30,920"
HJL,10/31/2019,5120,"7,276",101,"36,744"
HJL,10/31/2019,5130,"2,425",79,"16,444"
HJL,10/31/2019,5200,"5,255",63,"30,584"
HJL,10/31/2019,5150,"1,064",78,"6,691"
HJL,11/1/2019,5110,"4,557",31,"26,812"
HJL,11/1/2019,5120,"6,309",100,"31,862"
HJL,11/1/2019,5130,"2,103",78,"14,259"
HJL,11/1/2019,5200,"4,557",62,"26,520"
HJL,11/1/2019,5150,922,78,"5,802"
HJL,11/4/2019,5110,"4,251",30,"25,011"
HJL,11/4/2019,5120,"5,886",94,"29,722"
HJL,11/4/2019,5130,"1,962",74,"13,301"
HJL,11/4/2019,5200,"4,251",59,"24,739"
HJL,11/4/2019,5150,860,74,"5,412"
HJL,11/5/2019,5110,"4,714",31,"27,736"
HJL,11/5/2019,5120,"6,527",100,"32,961"
HJL,11/5/2019,5130,"2,176",78,"14,751"
HJL,11/5/2019,5200,"4,714",62,"27,435"
HJL,11/5/2019,5150,954,76,"6,002"
HJL,11/6/2019,5110,"4,427",31,"26,049"
HJL,11/6/2019,5120,"6,130",98,"30,955"
HJL,11/6/2019,5130,"2,043",76,"13,853"
HJL,11/6/2019,5200,"4,427",62,"25,766"
HJL,11/6/2019,5150,896,76,"5,637"
HJL,11/7/2019,5110,"5,490",32,"32,305"
HJL,11/7/2019,5120,"7,602",101,"38,390"
HJL,11/7/2019,5130,"2,534",79,"17,180"
HJL,11/7/2019,5200,"5,490",63,"31,953"
HJL,11/7/2019,5150,"1,111",78,"6,991"
HJL,11/8/2019,5110,"4,572",31,"26,901"
HJL,11/8/2019,5120,"6,330",100,"31,968"
HJL,11/8/2019,5130,"2,110",78,"14,306"
HJL,11/8/2019,5200,"4,572",62,"26,608"
HJL,11/8/2019,5150,925,78,"5,821"
HJL,11/11/2019,5110,"3,993",30,"23,492"
HJL,11/11/2019,5120,"5,528",94,"27,917"
HJL,11/11/2019,5130,"1,843",74,"12,494"
HJL,11/11/2019,5200,"3,993",59,"23,237"
HJL,11/11/2019,5150,808,74,"5,084"
HJL,11/12/2019,5110,"5,031",31,"29,605"
HJL,11/12/2019,5120,"6,967",100,"35,181"
HJL,11/12/2019,5130,"2,322",78,"15,744"
HJL,11/12/2019,5200,"5,031",62,"29,283"
HJL,11/12/2019,5150,"1,019",76,"6,406"
HJL,11/13/2019,5110,"4,435",31,"26,095"
HJL,11/13/2019,5120,"6,141",98,"31,010"
HJL,11/13/2019,5130,"2,047",76,"13,878"
HJL,11/13/2019,5200,"4,435",62,"25,811"
HJL,11/13/2019,5150,898,76,"5,647"
HJL,11/14/2019,5110,"5,464",32,"32,149"
HJL,11/14/2019,5120,"7,565",101,"38,204"
HJL,11/14/2019,5130,"2,522",79,"17,097"
HJL,11/14/2019,5200,"5,464",63,"31,799"
HJL,11/14/2019,5150,"1,106",78,"6,957"
HJL,11/15/2019,5110,"4,685",31,"27,567"
HJL,11/15/2019,5120,"6,487",100,"32,759"
HJL,11/15/2019,5130,"2,162",78,"14,660"
HJL,11/15/2019,5200,"4,685",62,"27,267"
HJL,11/15/2019,5150,948,78,"5,965"
HJL,11/18/2019,5110,"4,108",30,"24,174"
HJL,11/18/2019,5120,"5,689",94,"28,727"
HJL,11/18/2019,5130,"1,896",74,"12,856"
HJL,11/18/2019,5200,"4,108",59,"23,911"
HJL,11/18/2019,5150,832,74,"5,231"
HJL,11/19/2019,5110,"5,027",31,"29,581"
HJL,11/19/2019,5120,"6,961",100,"35,152"
HJL,11/19/2019,5130,"2,320",78,"15,732"
HJL,11/19/2019,5200,"5,027",62,"29,259"
HJL,11/19/2019,5150,"1,018",76,"6,401"
HJL,11/20/2019,5110,"4,660",31,"27,419"
HJL,11/20/2019,5120,"6,452",98,"32,584"
HJL,11/20/2019,5130,"2,151",76,"14,582"
HJL,11/20/2019,5200,"4,660",62,"27,121"
HJL,11/20/2019,5150,943,76,"5,933"
HJL,11/21/2019,5110,"6,733",32,"39,615"
HJL,11/21/2019,5120,"9,322",101,"47,077"
HJL,11/21/2019,5130,"3,107",79,"21,068"
HJL,11/21/2019,5200,"6,733",63,"39,184"
HJL,11/21/2019,5150,"1,363",78,"8,573"
HJL,11/22/2019,5110,"5,645",31,"33,215"
HJL,11/22/2019,5120,"7,816",100,"39,471"
HJL,11/22/2019,5130,"2,605",78,"17,664"
HJL,11/22/2019,5200,"5,645",62,"32,854"
HJL,11/22/2019,5150,"1,143",78,"7,188"
HJL,11/25/2019,5110,"6,407",30,"37,700"
HJL,11/25/2019,5120,"8,872",94,"44,802"
HJL,11/25/2019,5130,"2,957",74,"20,050"
HJL,11/25/2019,5200,"6,407",59,"37,290"
HJL,11/25/2019,5150,"1,297",74,"8,158"
HJL,11/26/2019,5110,"6,787",31,"39,937"
HJL,11/26/2019,5120,"9,398",100,"47,459"
HJL,11/26/2019,5130,"3,133",78,"21,239"
HJL,11/26/2019,5200,"6,787",62,"39,502"
HJL,11/26/2019,5150,"1,374",76,"8,642"
HJL,11/27/2019,5110,"6,936",31,"40,813"
HJL,11/27/2019,5120,"9,604",98,"48,500"
HJL,11/27/2019,5130,"3,201",76,"21,705"
HJL,11/27/2019,5200,"6,936",62,"40,369"
HJL,11/27/2019,5150,"1,404",76,"8,832"
HJL,12/2/2019,5110,"3,531",30,"20,775"
HJL,12/2/2019,5120,"4,889",94,"24,688"
HJL,12/2/2019,5130,"1,630",74,"11,048"
HJL,12/2/2019,5200,"3,531",59,"20,549"
HJL,12/2/2019,5150,715,74,"4,496"
HJL,12/3/2019,5110,"4,238",31,"24,935"
HJL,12/3/2019,5120,"5,868",100,"29,632"
HJL,12/3/2019,5130,"1,956",78,"13,261"
HJL,12/3/2019,5200,"4,238",62,"24,664"
HJL,12/3/2019,5150,858,76,"5,396"
HJL,12/4/2019,5110,"4,053",31,"23,848"
HJL,12/4/2019,5120,"5,612",98,"28,340"
HJL,12/4/2019,5130,"1,871",76,"12,683"
HJL,12/4/2019,5200,"4,053",62,"23,589"
HJL,12/4/2019,5150,820,76,"5,161"
HJL,12/5/2019,5110,"4,800",32,"28,244"
HJL,12/5/2019,5120,"6,646",101,"33,565"
HJL,12/5/2019,5130,"2,215",79,"15,021"
HJL,12/5/2019,5200,"4,800",63,"27,937"
HJL,12/5/2019,5150,972,78,"6,112"
HJL,12/6/2019,5110,"4,079",31,"23,999"
HJL,12/6/2019,5120,"5,647",100,"28,520"
HJL,12/6/2019,5130,"1,882",78,"12,763"
HJL,12/6/2019,5200,"4,079",62,"23,738"
HJL,12/9/2019,5150,826,78,"5,193"
HJL,12/9/2019,5110,"3,486",30,"20,511"
HJL,12/9/2019,5120,"4,827",94,"24,375"
HJL,12/9/2019,5130,"1,609",74,"10,908"
HJL,12/9/2019,5200,"3,486",59,"20,288"
HJL,12/9/2019,5150,706,74,"4,439"
HJL,12/10/2019,5110,"4,269",31,"25,118"
HJL,12/10/2019,5120,"5,911",100,"29,849"
HJL,12/10/2019,5130,"1,970",78,"13,358"
HJL,12/10/2019,5200,"4,269",62,"24,845"
HJL,12/10/2019,5150,864,76,"5,435"
HJL,12/11/2019,5110,"3,847",31,"22,637"
HJL,12/11/2019,5120,"5,327",98,"26,901"
HJL,12/11/2019,5130,"1,776",76,"12,039"
HJL,12/11/2019,5200,"3,847",62,"22,391"
HJL,12/11/2019,5150,779,76,"4,899"
HJL,12/12/2019,5110,"4,712",32,"27,724"
HJL,12/12/2019,5120,"6,524",101,"32,946"
HJL,12/12/2019,5130,"2,175",79,"14,744"
HJL,12/12/2019,5200,"4,712",63,"27,422"
HJL,12/12/2019,5150,954,78,"5,999"
HJL,12/13/2019,5110,"4,090",31,"24,065"
HJL,12/13/2019,5120,"5,663",100,"28,598"
HJL,12/13/2019,5130,"1,888",78,"12,798"
HJL,12/13/2019,5200,"4,090",62,"23,803"
HJL,12/13/2019,5150,828,78,"5,208"
HJL,12/16/2019,5110,"4,137",30,"24,345"
HJL,12/16/2019,5120,"5,729",94,"28,931"
HJL,12/16/2019,5130,"1,910",74,"12,947"
HJL,12/16/2019,5200,"4,137",59,"24,080"
HJL,12/16/2019,5150,838,74,"5,268"
HJL,12/17/2019,5110,"5,075",31,"29,863"
HJL,12/17/2019,5120,"7,027",100,"35,488"
HJL,12/17/2019,5130,"2,342",78,"15,882"
HJL,12/17/2019,5200,"5,075",62,"29,539"
HJL,12/17/2019,5150,"1,027",76,"6,462"
HJL,12/18/2019,5110,"4,606",31,"27,101"
HJL,12/18/2019,5120,"6,377",98,"32,205"
HJL,12/18/2019,5130,"2,126",76,"14,413"
HJL,12/18/2019,5200,"4,606",62,"26,806"
HJL,12/18/2019,5150,932,76,"5,864"
HJL,12/19/2019,5110,"6,039",32,"35,536"
HJL,12/19/2019,5120,"8,362",101,"42,229"
HJL,12/19/2019,5130,"2,787",79,"18,899"
HJL,12/19/2019,5200,"6,039",63,"35,149"
HJL,12/19/2019,5150,"1,223",78,"7,690"
HJL,12/20/2019,5110,"5,770",31,"33,949"
HJL,12/20/2019,5120,"7,989",100,"40,343"
HJL,12/20/2019,5130,"2,663",78,"18,055"
HJL,12/20/2019,5200,"5,770",62,"33,579"
HJL,12/20/2019,5150,"1,168",78,"7,346"
HJL,12/23/2019,5110,"5,126",30,"30,162"
HJL,12/23/2019,5120,"7,098",94,"35,844"
HJL,12/23/2019,5130,"2,366",74,"16,041"
HJL,12/23/2019,5200,"5,126",59,"29,834"
HJL,12/23/2019,5150,"1,038",74,"6,527"
HJL,12/24/2019,5110,"5,583",31,"32,850"
HJL,12/24/2019,5120,"7,730",100,"39,038"
HJL,12/24/2019,5130,"2,577",78,"17,470"
HJL,12/24/2019,5200,"5,583",62,"32,493"
HJL,12/24/2019,5150,"1,130",76,"7,109"
HJL,12/26/2019,5110,"6,827",32,"40,172"
HJL,12/26/2019,5120,"9,453",101,"47,739"
HJL,12/26/2019,5130,"3,151",79,"21,364"
HJL,12/26/2019,5200,"6,827",63,"39,735"
HJL,12/26/2019,5150,"1,382",78,"8,693"
HJL,12/27/2019,5110,"6,722",31,"39,552"
HJL,12/27/2019,5120,"9,307",100,"47,002"
HJL,12/27/2019,5130,"3,102",78,"21,035"
HJL,12/27/2019,5200,"6,722",62,"39,122"
HJL,12/27/2019,5150,"1,361",78,"8,559"
HJL,12/30/2019,5110,"4,890",30,"28,775"
HJL,12/30/2019,5120,"6,771",94,"34,195"
HJL,12/30/2019,5130,"2,257",74,"15,303"
HJL,12/30/2019,5200,"4,890",59,"28,462"
HJL,12/30/2019,5150,990,74,"6,227"
HJL,12/31/2019,5110,"5,075",31,"29,862"
HJL,12/31/2019,5120,"7,027",100,"35,488"
HJL,12/31/2019,5130,"2,342",78,"15,882"
HJL,12/31/2019,5200,"5,075",62,"29,539"
HJL,12/31/2019,5150,"1,027",76,"6,462"
